INSERT INTO locations (id, city, province, country, office_type) VALUES
(1, 'Ottawa', 'Ontario', 'Canada', 'HQ'),
(2, 'Toronto', 'Ontario', 'Canada', 'Corporate'),
(3, 'Montreal', 'Quebec', 'Canada', 'Regional'),
(4, 'Calgary', 'Alberta', 'Canada', 'Regional');


INSERT INTO salary_bands (salary_band_name, min_salary, max_salary) VALUES
('Band A', 42000, 52000),
('Band B', 52001, 65000),
('Band C', 65001, 82000),
('Band D', 82001, 105000),
('Band E', 105001, 135000);


INSERT INTO departments (id, name, department_head, location_id) VALUES
(1, 'Human Resources', 'Sara Mitchell', 1),
(2, 'Sales', 'Daniel Brooks', 2),
(3, 'Technology', 'Amina Khan', 1),
(4, 'Finance', 'Olivia Chen', 2),
(5, 'Operations', 'Michael Turner', 3),
(6, 'Customer Support', 'Nadia Hassan', 4);


INSERT INTO job_roles (id, role_name, job_level, job_family) VALUES
(1, 'HR Coordinator', 'Entry', 'Human Resources'),
(2, 'HR Manager', 'Manager', 'Human Resources'),
(3, 'Sales Representative', 'Entry', 'Sales'),
(4, 'Account Executive', 'Mid', 'Sales'),
(5, 'Sales Manager', 'Manager', 'Sales'),
(6, 'IT Support Analyst', 'Entry', 'Technology'),
(7, 'Data Analyst', 'Mid', 'Technology'),
(8, 'Software Engineer', 'Mid', 'Technology'),
(9, 'Engineering Manager', 'Manager', 'Technology'),
(10, 'Financial Analyst', 'Mid', 'Finance'),
(11, 'Accountant', 'Mid', 'Finance'),
(12, 'Finance Manager', 'Manager', 'Finance'),
(13, 'Operations Coordinator', 'Entry', 'Operations'),
(14, 'Operations Manager', 'Manager', 'Operations'),
(15, 'Customer Support Specialist', 'Entry', 'Customer Support'),
(16, 'Support Team Lead', 'Manager', 'Customer Support');

INSERT INTO employees
(first_name, last_name, gender, age, hire_date, department_id, job_role_id, salary_band_id, job_satisfaction_score, overtime_status)
VALUES
('Hannah', 'Price', 'Female', 31, '2019-04-04', 5, 13, 1, 2, 'Yes'),
('Zeinab', 'Scott', 'Female', 40, '2019-02-11', 3, 8, 4, 5, 'No'),
('Daniel', 'Nasser', 'Male', 26, '2018-11-27', 1, 1, 3, 2, 'Yes'),
('Ibrahim', 'Brown', 'Male', 22, '2021-11-14', 2, 3, 1, 3, 'No'),
('Nadia', 'Murphy', 'Female', 38, '2018-08-26', 4, 11, 3, 3, 'No'),
('Karim', 'Carter', 'Male', 44, '2020-09-18', 1, 2, 4, 5, 'No'),
('Laila', 'Cole', 'Female', 33, '2018-12-02', 3, 7, 2, 3, 'No'),
('Hassan', 'Shah', 'Male', 23, '2022-02-09', 5, 13, 2, 1, 'Yes'),
('Hana', 'Walker', 'Female', 34, '2022-01-09', 3, 8, 5, 5, 'No'),
('Julia', 'Nguyen', 'Female', 27, '2019-08-03', 1, 1, 1, 2, 'Yes'),
('Waleed', 'Brown', 'Male', 31, '2022-02-09', 1, 1, 2, 3, 'No'),
('Layla', 'Ali', 'Female', 24, '2019-07-23', 5, 13, 1, 3, 'No'),
('Leila', 'Brown', 'Female', 29, '2019-06-16', 2, 4, 3, 4, 'No'),
('Nora', 'Rahman', 'Female', 24, '2020-04-06', 6, 15, 2, 3, 'No'),
('Malik', 'Hassan', 'Male', 23, '2018-09-01', 1, 1, 2, 2, 'Yes'),
('Olivia', 'Brown', 'Female', 35, '2021-02-11', 2, 4, 2, 3, 'No'),
('Sana', 'Saeed', 'Female', 23, '2018-01-06', 5, 13, 2, 3, 'Yes'),
('Owen', 'Walker', 'Male', 44, '2019-05-05', 6, 16, 5, 4, 'Yes'),
('Grace', 'Taylor', 'Female', 26, '2022-08-16', 6, 15, 1, 2, 'No'),
('Nora', 'Murphy', 'Female', 37, '2018-04-16', 3, 8, 3, 2, 'No'),
('Amal', 'Johnson', 'Female', 23, '2019-12-14', 2, 3, 1, 2, 'Yes'),
('Saif', 'Cooper', 'Male', 34, '2022-06-15', 4, 10, 3, 3, 'No'),
('Khaled', 'Carter', 'Male', 36, '2021-06-06', 4, 12, 4, 3, 'No'),
('Liam', 'Khan', 'Male', 23, '2018-01-12', 2, 3, 1, 2, 'No'),
('Ali', 'Ahmed', 'Male', 32, '2021-02-18', 4, 11, 2, 4, 'No'),
('Aisha', 'Ali', 'Female', 31, '2021-02-26', 1, 1, 2, 2, 'No'),
('Khadija', 'Walker', 'Female', 30, '2020-04-03', 1, 1, 2, 2, 'No'),
('Isaac', 'Bennett', 'Male', 23, '2021-09-11', 2, 3, 1, 1, 'No'),
('Zeinab', 'Qureshi', 'Female', 22, '2021-07-05', 1, 1, 1, 3, 'No'),
('Reem', 'Ibrahim', 'Female', 35, '2019-11-18', 3, 7, 1, 3, 'Yes'),
('Grace', 'Ali', 'Female', 30, '2018-05-10', 3, 8, 4, 4, 'No'),
('Samir', 'Abbott', 'Male', 45, '2018-11-08', 4, 12, 4, 5, 'No'),
('Ahmed', 'Price', 'Male', 42, '2021-04-20', 1, 2, 4, 5, 'No'),
('Laila', 'Hill', 'Female', 47, '2022-09-20', 2, 5, 4, 3, 'No'),
('Michael', 'Green', 'Male', 22, '2022-06-17', 1, 1, 1, 1, 'No'),
('Mona', 'Turner', 'Female', 22, '2020-11-14', 6, 15, 1, 1, 'No'),
('Adam', 'Hill', 'Male', 34, '2018-11-24', 3, 8, 3, 3, 'No'),
('Aiden', 'Chen', 'Male', 48, '2020-05-01', 3, 9, 4, 5, 'No'),
('Daniel', 'Scott', 'Male', 39, '2019-06-23', 3, 8, 3, 4, 'No'),
('Hannah', 'Murphy', 'Female', 22, '2018-07-10', 2, 3, 2, 2, 'No'),
('Dania', 'Ibrahim', 'Female', 30, '2018-05-04', 6, 15, 1, 3, 'No'),
('Zachary', 'Bell', 'Male', 25, '2017-06-02', 1, 1, 1, 3, 'No'),
('Julian', 'Farah', 'Male', 30, '2020-08-27', 3, 6, 1, 3, 'No'),
('Farah', 'Ward', 'Female', 43, '2017-07-08', 5, 14, 3, 3, 'No'),
('Mona', 'Turner', 'Female', 46, '2017-08-05', 5, 14, 4, 4, 'No'),
('Amal', 'Cooper', 'Female', 36, '2021-07-10', 2, 4, 3, 4, 'No'),
('Amal', 'Lewis', 'Female', 22, '2022-11-08', 2, 3, 1, 2, 'No'),
('Michael', 'Baker', 'Male', 38, '2019-11-14', 4, 12, 5, 4, 'No'),
('Sana', 'Green', 'Female', 23, '2020-02-06', 6, 15, 1, 2, 'No'),
('Jacob', 'Brown', 'Male', 26, '2022-07-04', 6, 15, 3, 3, 'No'),
('Saif', 'Ward', 'Male', 41, '2020-06-26', 2, 5, 4, 4, 'Yes'),
('Jared', 'Williams', 'Male', 23, '2017-06-05', 2, 3, 2, 3, 'No'),
('Yusuf', 'Abbott', 'Male', 31, '2020-07-14', 6, 15, 1, 1, 'Yes'),
('Nadia', 'Scott', 'Female', 47, '2022-01-27', 6, 16, 4, 4, 'No'),
('Reem', 'Mahmoud', 'Female', 39, '2021-11-06', 3, 7, 3, 3, 'No'),
('David', 'Chen', 'Male', 36, '2021-08-02', 2, 4, 3, 3, 'No'),
('Laila', 'Murphy', 'Female', 36, '2020-02-21', 5, 14, 5, 5, 'No'),
('Hana', 'Ibrahim', 'Female', 26, '2021-02-06', 6, 15, 1, 2, 'Yes'),
('Yumna', 'Hall', 'Female', 23, '2021-07-12', 2, 3, 1, 1, 'No'),
('Samir', 'Nasser', 'Male', 28, '2020-06-21', 2, 4, 2, 3, 'No'),
('Omar', 'Hassan', 'Male', 25, '2021-09-21', 1, 1, 2, 3, 'No'),
('Omar', 'Ibrahim', 'Male', 29, '2019-05-09', 2, 4, 2, 3, 'No'),
('Julia', 'Ahmed', 'Female', 30, '2019-11-17', 1, 1, 1, 2, 'Yes'),
('Amir', 'Younes', 'Male', 35, '2020-03-11', 4, 12, 4, 5, 'No'),
('Aiden', 'Cole', 'Male', 33, '2020-03-21', 3, 6, 4, 4, 'No'),
('Waleed', 'Ibrahim', 'Male', 40, '2021-09-09', 2, 4, 2, 3, 'Yes'),
('Omar', 'Ibrahim', 'Male', 29, '2020-01-16', 1, 1, 2, 3, 'No'),
('Laila', 'Walker', 'Female', 24, '2022-05-16', 5, 13, 2, 3, 'No'),
('Lina', 'Chen', 'Female', 40, '2017-10-13', 2, 4, 4, 3, 'No'),
('Patrick', 'Taylor', 'Male', 32, '2019-12-04', 3, 7, 2, 3, 'No'),
('Saif', 'Baker', 'Male', 48, '2017-10-17', 5, 14, 3, 5, 'No'),
('Dania', 'Bell', 'Female', 40, '2019-02-03', 6, 16, 4, 4, 'No'),
('Julian', 'Saeed', 'Male', 31, '2018-04-06', 5, 13, 1, 1, 'Yes'),
('Nora', 'Ross', 'Female', 49, '2018-10-09', 5, 14, 5, 5, 'No'),
('Zachary', 'Young', 'Male', 41, '2019-11-04', 3, 9, 5, 3, 'No'),
('Rania', 'Hall', 'Female', 22, '2022-04-14', 2, 3, 1, 1, 'No'),
('Iman', 'Hill', 'Female', 22, '2022-11-26', 5, 13, 2, 2, 'Yes'),
('Lucas', 'Alvarez', 'Male', 37, '2021-07-07', 2, 4, 2, 4, 'Yes'),
('Ahmed', 'Johnson', 'Male', 31, '2020-01-22', 3, 6, 2, 2, 'No'),
('Hana', 'Ahmed', 'Female', 33, '2019-01-18', 2, 4, 3, 4, 'No'),
('Bilal', 'Brooks', 'Male', 30, '2019-02-26', 6, 15, 2, 1, 'Yes'),
('Amir', 'Morris', 'Male', 23, '2018-11-15', 6, 15, 2, 2, 'No'),
('Noor', 'Alvarez', 'Female', 51, '2022-10-23', 5, 14, 5, 5, 'No'),
('Mariam', 'White', 'Female', 33, '2019-03-20', 3, 8, 4, 4, 'No'),
('Patrick', 'Bell', 'Male', 24, '2022-03-02', 6, 15, 1, 1, 'Yes'),
('Emily', 'Hassan', 'Female', 44, '2019-12-19', 2, 5, 5, 4, 'No'),
('Ahmed', 'Bell', 'Male', 31, '2022-03-15', 1, 1, 1, 2, 'Yes'),
('Salma', 'Hassan', 'Female', 40, '2021-08-10', 2, 4, 3, 2, 'Yes'),
('Aisha', 'Qureshi', 'Female', 24, '2022-09-28', 6, 15, 1, 1, 'No'),
('Nadine', 'Hill', 'Female', 26, '2019-09-07', 1, 1, 1, 3, 'No'),
('Leila', 'Mahmoud', 'Female', 38, '2019-04-28', 6, 16, 4, 3, 'No'),
('Salma', 'Patel', 'Female', 26, '2021-08-19', 6, 15, 2, 2, 'Yes'),
('Maha', 'Alvarez', 'Female', 22, '2020-02-06', 5, 13, 3, 2, 'Yes'),
('Faris', 'Scott', 'Male', 23, '2021-05-06', 5, 13, 1, 2, 'Yes'),
('Farah', 'Diaz', 'Female', 36, '2020-03-24', 2, 5, 5, 4, 'No'),
('Mariam', 'Bennett', 'Female', 31, '2017-03-15', 4, 10, 2, 3, 'No'),
('Hannah', 'Khan', 'Female', 42, '2021-05-12', 1, 2, 5, 5, 'No'),
('Chloe', 'Cole', 'Female', 35, '2022-05-02', 5, 14, 5, 5, 'No'),
('Amira', 'Cooper', 'Female', 24, '2021-06-13', 2, 3, 2, 2, 'Yes'),
('Maryam', 'Mahmoud', 'Female', 40, '2022-12-16', 5, 14, 5, 5, 'No'),
('Jana', 'Martin', 'Female', 30, '2018-05-08', 2, 3, 1, 1, 'No'),
('Jana', 'Saeed', 'Female', 25, '2020-07-25', 5, 13, 3, 4, 'No'),
('Lucas', 'Baker', 'Male', 35, '2020-06-20', 2, 4, 2, 1, 'Yes'),
('Mariam', 'Abbott', 'Female', 51, '2021-03-03', 5, 14, 4, 4, 'No'),
('Nadia', 'Johnson', 'Female', 35, '2019-07-10', 4, 12, 5, 5, 'No'),
('Jared', 'Ward', 'Male', 34, '2021-11-20', 3, 8, 4, 3, 'No'),
('Farah', 'Hill', 'Female', 22, '2021-11-15', 1, 1, 1, 2, 'No'),
('Emily', 'Turner', 'Female', 24, '2019-06-16', 6, 15, 1, 2, 'Yes'),
('Mariam', 'Walker', 'Female', 46, '2018-12-07', 2, 5, 4, 4, 'No'),
('Owen', 'Young', 'Male', 31, '2022-10-27', 3, 6, 1, 3, 'No'),
('Yasmin', 'Walker', 'Female', 52, '2017-03-07', 2, 5, 5, 5, 'No'),
('Sana', 'Farah', 'Female', 24, '2018-06-24', 1, 1, 2, 2, 'Yes'),
('Yumna', 'Bell', 'Female', 41, '2018-01-08', 5, 14, 4, 3, 'Yes'),
('Khadija', 'Shah', 'Female', 27, '2018-08-28', 3, 6, 3, 3, 'Yes'),
('Olivia', 'White', 'Female', 42, '2020-09-13', 4, 12, 4, 5, 'No'),
('Olivia', 'Price', 'Female', 48, '2018-01-19', 2, 5, 5, 4, 'No'),
('Jana', 'Garcia', 'Female', 38, '2021-11-22', 5, 14, 4, 4, 'No'),
('Nadine', 'Baker', 'Female', 30, '2020-07-24', 6, 15, 1, 1, 'No'),
('Layla', 'Bell', 'Female', 31, '2020-08-10', 1, 1, 3, 4, 'No'),
('Caleb', 'Nguyen', 'Male', 41, '2017-01-08', 1, 2, 5, 3, 'No'),
('Noah', 'Jackson', 'Male', 26, '2019-12-23', 5, 13, 1, 2, 'No'),
('Hannah', 'Brooks', 'Female', 33, '2017-10-27', 4, 11, 4, 5, 'No'),
('Ibrahim', 'Alvarez', 'Male', 22, '2019-05-28', 2, 3, 1, 3, 'No'),
('Julian', 'Ibrahim', 'Male', 46, '2022-01-25', 5, 14, 4, 4, 'No'),
('Leila', 'Baker', 'Female', 24, '2020-01-26', 6, 15, 1, 2, 'No'),
('Aiden', 'Scott', 'Male', 29, '2022-04-23', 6, 15, 2, 2, 'No'),
('Shayma', 'Morris', 'Female', 25, '2021-03-06', 5, 13, 1, 2, 'Yes'),
('Amina', 'Hall', 'Female', 24, '2018-08-23', 5, 13, 1, 2, 'No'),
('Chloe', 'White', 'Female', 52, '2019-05-08', 6, 16, 3, 3, 'No'),
('Shayma', 'Lewis', 'Female', 24, '2017-09-24', 3, 6, 1, 2, 'Yes'),
('Faris', 'Ross', 'Male', 28, '2019-07-23', 6, 15, 3, 3, 'No'),
('Yasin', 'Shah', 'Male', 23, '2018-05-19', 6, 15, 1, 1, 'Yes'),
('Amir', 'Morris', 'Male', 40, '2022-12-06', 2, 4, 3, 2, 'Yes'),
('Maha', 'Taylor', 'Female', 31, '2021-05-13', 6, 15, 2, 2, 'Yes'),
('Huda', 'Cole', 'Female', 27, '2019-01-04', 5, 13, 2, 2, 'No'),
('Hannah', 'Nasser', 'Female', 40, '2018-10-09', 3, 9, 4, 3, 'Yes'),
('Sofia', 'Carter', 'Female', 52, '2017-06-07', 1, 2, 4, 5, 'No'),
('Yusuf', 'Jackson', 'Male', 30, '2018-04-05', 6, 15, 2, 3, 'No'),
('Omar', 'Ali', 'Male', 36, '2020-05-05', 2, 4, 2, 1, 'No'),
('Zahra', 'Campbell', 'Female', 29, '2021-03-16', 5, 13, 1, 2, 'No'),
('Reem', 'Ali', 'Female', 28, '2022-08-05', 2, 3, 1, 1, 'Yes'),
('Samir', 'Hassan', 'Male', 40, '2021-05-26', 3, 8, 5, 4, 'No'),
('Samir', 'Reed', 'Male', 32, '2019-05-21', 3, 8, 4, 4, 'No'),
('Nicolas', 'Cooper', 'Male', 40, '2017-05-18', 3, 8, 3, 3, 'No'),
('Maha', 'Baker', 'Female', 36, '2019-11-02', 2, 4, 2, 1, 'Yes'),
('Nicolas', 'Mahmoud', 'Male', 22, '2018-03-12', 2, 3, 2, 3, 'No'),
('Jana', 'Cole', 'Female', 34, '2018-04-24', 3, 7, 5, 3, 'No'),
('Ahmed', 'Abbott', 'Male', 27, '2021-12-22', 3, 6, 1, 1, 'Yes'),
('Maryam', 'Morris', 'Female', 26, '2020-02-12', 2, 3, 2, 3, 'No'),
('Samir', 'Qureshi', 'Male', 23, '2021-02-22', 2, 3, 1, 2, 'No'),
('James', 'Hall', 'Male', 32, '2017-12-25', 2, 4, 2, 2, 'No'),
('Adam', 'Rahman', 'Male', 49, '2019-10-09', 3, 9, 4, 3, 'No'),
('Zeinab', 'Hall', 'Female', 36, '2021-10-02', 4, 11, 2, 3, 'No'),
('Aya', 'Hall', 'Female', 25, '2019-02-18', 6, 15, 1, 2, 'Yes'),
('Aaliyah', 'Ross', 'Female', 23, '2021-06-22', 6, 15, 1, 1, 'Yes'),
('Farah', 'Reed', 'Female', 48, '2019-06-12', 5, 14, 3, 5, 'No'),
('James', 'Alvarez', 'Male', 31, '2021-08-02', 5, 13, 2, 3, 'No'),
('Ibrahim', 'Ahmed', 'Male', 48, '2022-07-25', 6, 16, 4, 4, 'No'),
('Aisha', 'Farah', 'Female', 30, '2022-02-05', 2, 3, 1, 1, 'Yes'),
('Amira', 'Nguyen', 'Female', 28, '2022-02-16', 1, 1, 2, 2, 'No'),
('Isaac', 'Brown', 'Male', 22, '2022-12-16', 6, 15, 1, 2, 'Yes'),
('Mariam', 'Brooks', 'Female', 31, '2022-04-05', 1, 1, 2, 3, 'Yes'),
('Jared', 'Morris', 'Male', 28, '2019-07-22', 5, 13, 1, 2, 'Yes'),
('Zahra', 'Morris', 'Female', 24, '2021-08-24', 6, 15, 3, 3, 'No'),
('Daniel', 'Patel', 'Male', 46, '2020-05-24', 2, 5, 4, 4, 'No'),
('Aiden', 'Hassan', 'Male', 43, '2022-06-05', 4, 12, 4, 4, 'No'),
('Lina', 'Martin', 'Female', 37, '2022-08-11', 3, 8, 3, 3, 'No'),
('Shayma', 'Patel', 'Female', 35, '2019-02-01', 3, 8, 4, 4, 'No'),
('Tamer', 'Reed', 'Male', 40, '2018-12-07', 2, 4, 2, 1, 'Yes'),
('Leila', 'Cole', 'Female', 52, '2022-08-17', 2, 5, 3, 5, 'No'),
('Khadija', 'Lewis', 'Female', 35, '2021-11-20', 5, 14, 4, 3, 'No'),
('Ethan', 'Ibrahim', 'Male', 38, '2022-07-23', 2, 4, 3, 2, 'Yes'),
('Khadija', 'Cole', 'Female', 42, '2021-05-18', 4, 12, 4, 5, 'No'),
('Chloe', 'Saeed', 'Female', 30, '2020-08-02', 3, 6, 2, 3, 'Yes'),
('Noah', 'Qureshi', 'Male', 33, '2019-01-21', 2, 4, 1, 2, 'No'),
('Jana', 'Chen', 'Female', 48, '2018-03-03', 5, 14, 5, 5, 'No'),
('Mariam', 'Nasser', 'Female', 51, '2018-03-06', 6, 16, 4, 3, 'No'),
('Hana', 'Abbott', 'Female', 29, '2020-07-12', 6, 15, 2, 1, 'No'),
('David', 'Mitchell', 'Male', 39, '2021-07-09', 2, 5, 4, 3, 'Yes'),
('Tamer', 'Brooks', 'Male', 22, '2022-05-12', 1, 1, 2, 1, 'Yes'),
('Leila', 'Alvarez', 'Female', 35, '2020-05-04', 3, 8, 5, 5, 'No'),
('Aisha', 'Hall', 'Female', 25, '2020-11-17', 6, 15, 2, 3, 'No'),
('Tariq', 'Brooks', 'Male', 47, '2020-10-02', 3, 9, 5, 4, 'No'),
('Ryan', 'Younes', 'Male', 38, '2021-02-13', 1, 2, 4, 4, 'No'),
('Leo', 'Patel', 'Male', 34, '2021-08-25', 4, 10, 3, 3, 'No'),
('Faris', 'Saeed', 'Male', 46, '2017-02-03', 5, 14, 5, 3, 'No'),
('Nicolas', 'Diaz', 'Male', 30, '2019-01-17', 2, 3, 2, 3, 'No'),
('Tamer', 'Price', 'Male', 31, '2018-11-06', 2, 4, 2, 3, 'Yes'),
('Hannah', 'Khan', 'Female', 28, '2018-01-21', 3, 6, 3, 2, 'Yes'),
('Khadija', 'Ward', 'Female', 30, '2021-02-13', 6, 15, 3, 2, 'Yes'),
('Huda', 'Rahman', 'Female', 24, '2021-12-10', 6, 15, 1, 1, 'Yes'),
('Aaliyah', 'Ward', 'Female', 29, '2020-03-13', 1, 1, 3, 3, 'Yes'),
('Saif', 'Garcia', 'Male', 37, '2021-05-23', 3, 9, 5, 4, 'No'),
('Lina', 'Carter', 'Female', 39, '2021-02-03', 4, 12, 4, 3, 'No'),
('Khaled', 'White', 'Male', 28, '2017-03-16', 2, 3, 3, 3, 'Yes'),
('Olivia', 'Walker', 'Female', 29, '2019-04-15', 4, 10, 3, 4, 'No'),
('Daniel', 'Taylor', 'Male', 22, '2019-10-11', 1, 1, 1, 3, 'No'),
('Caleb', 'Hill', 'Male', 31, '2018-01-23', 6, 15, 3, 2, 'Yes'),
('Nadine', 'Cole', 'Female', 36, '2018-07-23', 4, 10, 3, 3, 'Yes'),
('Farah', 'Murphy', 'Female', 28, '2018-11-19', 2, 3, 1, 2, 'No'),
('Yumna', 'Hassan', 'Female', 28, '2020-11-06', 6, 15, 1, 1, 'Yes'),
('Grace', 'Baker', 'Female', 23, '2018-10-25', 5, 13, 2, 1, 'Yes'),
('Aaliyah', 'Reed', 'Female', 39, '2020-03-05', 4, 11, 2, 4, 'No'),
('Isaac', 'Carter', 'Male', 32, '2021-10-08', 3, 7, 3, 2, 'Yes'),
('Saif', 'Bennett', 'Male', 31, '2020-08-13', 2, 3, 2, 2, 'No'),
('Khadija', 'Diaz', 'Female', 30, '2022-03-10', 5, 13, 2, 2, 'Yes'),
('Salma', 'Young', 'Female', 32, '2020-02-23', 3, 7, 3, 4, 'No'),
('Layla', 'Johnson', 'Female', 28, '2017-04-09', 5, 13, 1, 3, 'No'),
('Zachary', 'Price', 'Male', 27, '2017-04-02', 2, 4, 2, 3, 'No'),
('Yumna', 'Jackson', 'Female', 27, '2021-01-08', 2, 3, 1, 1, 'Yes'),
('Mason', 'Diaz', 'Male', 29, '2022-08-05', 1, 1, 1, 3, 'No'),
('Michael', 'Hill', 'Male', 38, '2019-04-15', 6, 16, 3, 3, 'No'),
('Waleed', 'Abbott', 'Male', 37, '2020-04-01', 6, 16, 5, 5, 'No'),
('Nadine', 'Alvarez', 'Female', 24, '2019-09-15', 3, 6, 2, 3, 'No'),
('Amira', 'Mitchell', 'Female', 23, '2020-04-25', 2, 3, 1, 1, 'No'),
('Khadija', 'Saeed', 'Female', 30, '2020-09-10', 2, 3, 2, 2, 'No'),
('Layla', 'Chen', 'Female', 22, '2017-02-22', 5, 13, 1, 3, 'No'),
('Ali', 'Cole', 'Male', 34, '2019-05-18', 2, 4, 2, 2, 'No'),
('Huda', 'Price', 'Female', 39, '2019-08-16', 2, 5, 5, 5, 'No'),
('Patrick', 'Bennett', 'Male', 37, '2017-02-23', 2, 4, 3, 3, 'No'),
('Jacob', 'Turner', 'Male', 38, '2021-06-21', 2, 5, 3, 2, 'No'),
('Aya', 'Mahmoud', 'Female', 35, '2021-01-07', 4, 10, 4, 5, 'No'),
('David', 'Turner', 'Male', 38, '2021-06-15', 2, 4, 2, 2, 'Yes'),
('Khaled', 'Taylor', 'Male', 28, '2020-02-03', 2, 4, 2, 2, 'No'),
('Yumna', 'Lewis', 'Female', 29, '2020-10-13', 2, 3, 2, 3, 'No'),
('Grace', 'Hill', 'Female', 24, '2022-02-18', 2, 3, 1, 1, 'Yes'),
('Aiden', 'Carter', 'Male', 26, '2021-01-15', 5, 13, 2, 2, 'Yes'),
('Zeinab', 'Farah', 'Female', 31, '2020-03-04', 6, 15, 1, 1, 'Yes'),
('Noah', 'Ahmed', 'Male', 25, '2021-11-04', 2, 3, 1, 2, 'No'),
('Leo', 'Cole', 'Male', 28, '2022-09-05', 1, 1, 2, 4, 'No'),
('Mariam', 'Chen', 'Female', 23, '2021-11-05', 6, 15, 2, 2, 'No'),
('Julian', 'Hill', 'Male', 38, '2021-01-01', 3, 7, 4, 4, 'Yes'),
('Elias', 'Shah', 'Male', 27, '2017-07-04', 6, 15, 2, 3, 'No'),
('Yumna', 'Young', 'Female', 30, '2020-09-08', 3, 8, 4, 3, 'Yes'),
('Huda', 'Baker', 'Female', 27, '2017-03-19', 6, 15, 1, 1, 'Yes'),
('Michael', 'Rahman', 'Male', 36, '2019-05-27', 3, 9, 5, 5, 'No'),
('Hannah', 'Reed', 'Female', 35, '2022-07-14', 5, 14, 5, 4, 'No'),
('Olivia', 'Lewis', 'Female', 24, '2018-08-28', 1, 1, 1, 2, 'No'),
('Iman', 'Younes', 'Female', 39, '2019-11-19', 3, 8, 3, 3, 'No'),
('Rami', 'Garcia', 'Male', 36, '2021-10-16', 3, 7, 3, 4, 'No'),
('Ali', 'Cooper', 'Male', 22, '2021-02-21', 2, 3, 1, 1, 'No'),
('Leo', 'Ahmed', 'Male', 35, '2018-11-09', 3, 8, 3, 4, 'No'),
('Rami', 'Price', 'Male', 37, '2018-01-22', 2, 4, 3, 3, 'No'),
('Nicolas', 'Campbell', 'Male', 39, '2017-01-15', 2, 4, 2, 4, 'No'),
('Yasin', 'Ward', 'Male', 27, '2017-10-22', 1, 1, 1, 2, 'No'),
('Samir', 'Brooks', 'Male', 32, '2020-05-05', 2, 4, 2, 2, 'No'),
('Liam', 'Khan', 'Male', 29, '2018-07-17', 3, 8, 3, 3, 'No'),
('Nora', 'Garcia', 'Female', 38, '2021-03-20', 3, 8, 3, 3, 'No'),
('Amir', 'Farah', 'Male', 31, '2017-08-21', 2, 3, 1, 1, 'Yes'),
('Michael', 'Green', 'Male', 33, '2022-06-16', 4, 11, 4, 5, 'No'),
('Hannah', 'Carter', 'Female', 35, '2017-01-24', 3, 8, 4, 4, 'No'),
('Aisha', 'Cooper', 'Female', 47, '2018-03-06', 2, 5, 4, 4, 'No'),
('Amir', 'Mitchell', 'Male', 28, '2020-07-25', 1, 1, 2, 2, 'No'),
('Noah', 'Brooks', 'Male', 31, '2021-10-18', 1, 1, 2, 3, 'No'),
('Shayma', 'Bennett', 'Female', 35, '2022-11-25', 4, 12, 4, 5, 'No'),
('Ibrahim', 'Rahman', 'Male', 23, '2021-12-24', 5, 13, 2, 3, 'No'),
('Waleed', 'Saeed', 'Male', 23, '2020-04-20', 5, 13, 1, 1, 'Yes'),
('Caleb', 'Hall', 'Male', 26, '2021-06-23', 2, 3, 1, 2, 'Yes'),
('Zahra', 'Diaz', 'Female', 35, '2021-08-03', 3, 7, 3, 4, 'No'),
('Karim', 'Reed', 'Male', 45, '2021-12-23', 3, 9, 4, 4, 'No'),
('Ahmed', 'Taylor', 'Male', 31, '2021-01-02', 2, 4, 3, 2, 'Yes'),
('Hassan', 'Diaz', 'Male', 41, '2017-10-24', 5, 14, 5, 5, 'No'),
('Khaled', 'Carter', 'Male', 29, '2019-09-20', 2, 3, 1, 3, 'No'),
('Adam', 'Lewis', 'Male', 22, '2019-09-02', 6, 15, 2, 2, 'Yes'),
('Victor', 'Khan', 'Male', 32, '2021-06-06', 4, 11, 3, 4, 'No'),
('Yasin', 'Khan', 'Male', 39, '2017-08-25', 2, 5, 3, 3, 'No'),
('Khadija', 'Shah', 'Female', 25, '2020-03-24', 5, 13, 1, 2, 'No'),
('Amira', 'Cooper', 'Female', 25, '2021-10-04', 3, 6, 1, 2, 'Yes'),
('Yasin', 'Saeed', 'Male', 46, '2020-05-22', 5, 14, 5, 5, 'No'),
('Layla', 'Hall', 'Female', 26, '2021-07-09', 2, 3, 2, 2, 'Yes'),
('Michael', 'Bennett', 'Male', 30, '2019-05-13', 5, 13, 1, 2, 'Yes'),
('Nicolas', 'Diaz', 'Male', 30, '2021-02-10', 5, 13, 3, 2, 'Yes'),
('Aya', 'Patel', 'Female', 30, '2020-09-07', 6, 15, 1, 3, 'No'),
('Liam', 'Younes', 'Male', 29, '2020-08-09', 4, 10, 2, 1, 'Yes'),
('Sofia', 'Reed', 'Female', 32, '2020-12-24', 2, 4, 2, 2, 'No'),
('Aiden', 'Ahmed', 'Male', 31, '2020-03-17', 4, 11, 2, 1, 'Yes'),
('Jana', 'Ward', 'Female', 27, '2017-04-02', 3, 7, 3, 1, 'Yes'),
('Karim', 'Brown', 'Male', 28, '2018-09-28', 4, 11, 3, 3, 'No'),
('Ibrahim', 'Murphy', 'Male', 30, '2019-08-22', 2, 3, 1, 2, 'Yes'),
('Zayn', 'Baker', 'Male', 38, '2019-04-08', 6, 16, 5, 5, 'No'),
('Bilal', 'Johnson', 'Male', 27, '2021-05-07', 2, 4, 2, 3, 'Yes'),
('Jacob', 'White', 'Male', 35, '2019-05-22', 5, 14, 3, 4, 'No'),
('Mona', 'Ross', 'Female', 41, '2020-10-09', 6, 16, 5, 4, 'No'),
('Jana', 'Diaz', 'Female', 42, '2020-04-01', 2, 5, 4, 4, 'No'),
('Chloe', 'Brooks', 'Female', 30, '2021-02-15', 2, 3, 1, 2, 'No'),
('Jacob', 'Ali', 'Male', 35, '2019-06-09', 3, 7, 1, 3, 'No'),
('Daniel', 'Brooks', 'Male', 30, '2022-04-01', 6, 15, 1, 1, 'Yes'),
('Daniel', 'Alvarez', 'Male', 31, '2022-05-23', 4, 11, 2, 2, 'Yes'),
('Reem', 'Young', 'Female', 25, '2021-07-11', 2, 3, 1, 2, 'Yes'),
('Nadine', 'Brooks', 'Female', 35, '2021-08-14', 3, 8, 3, 3, 'Yes'),
('Amira', 'Ahmed', 'Female', 24, '2018-01-09', 5, 13, 2, 3, 'No'),
('Mason', 'Shah', 'Male', 25, '2021-03-06', 5, 13, 1, 2, 'No'),
('Khaled', 'Johnson', 'Male', 28, '2022-06-13', 3, 8, 3, 5, 'No'),
('Nora', 'Brooks', 'Female', 22, '2020-11-04', 2, 3, 2, 1, 'No'),
('Amina', 'Green', 'Female', 30, '2018-03-01', 5, 13, 1, 1, 'Yes'),
('Isaac', 'Ahmed', 'Male', 30, '2017-05-11', 4, 11, 3, 3, 'No'),
('Olivia', 'Campbell', 'Female', 34, '2022-08-15', 2, 4, 3, 3, 'No'),
('Bilal', 'Brooks', 'Male', 39, '2022-09-17', 5, 14, 3, 3, 'No'),
('Zayn', 'Ward', 'Male', 24, '2020-08-25', 6, 15, 1, 2, 'Yes'),
('Elias', 'Chen', 'Male', 45, '2019-06-06', 3, 9, 3, 3, 'No'),
('Reem', 'Rahman', 'Female', 43, '2018-09-26', 4, 12, 5, 5, 'No'),
('Michael', 'White', 'Male', 31, '2019-05-27', 3, 6, 2, 2, 'Yes'),
('Michael', 'Abbott', 'Male', 28, '2021-08-17', 1, 1, 1, 2, 'No'),
('Waleed', 'Price', 'Male', 24, '2019-05-24', 6, 15, 1, 3, 'Yes'),
('Salma', 'Nguyen', 'Female', 36, '2021-08-07', 3, 8, 4, 4, 'No'),
('Rania', 'Cooper', 'Female', 40, '2022-11-13', 4, 12, 3, 4, 'No'),
('Aisha', 'Diaz', 'Female', 34, '2022-05-15', 3, 8, 3, 3, 'Yes'),
('Emily', 'Hall', 'Female', 22, '2020-12-08', 3, 6, 2, 3, 'Yes'),
('Julia', 'Nasser', 'Female', 28, '2022-11-17', 4, 11, 3, 3, 'Yes'),
('Yusuf', 'Ward', 'Male', 32, '2018-07-07', 2, 4, 2, 4, 'No'),
('Maryam', 'Abbott', 'Female', 46, '2018-04-22', 6, 16, 2, 2, 'No'),
('Emily', 'Morris', 'Female', 35, '2017-05-01', 2, 4, 1, 2, 'No'),
('Leo', 'Abbott', 'Male', 42, '2019-09-18', 2, 5, 5, 5, 'No'),
('Patrick', 'Ross', 'Male', 36, '2021-01-01', 3, 8, 5, 5, 'No'),
('Aiden', 'Nasser', 'Male', 35, '2020-08-18', 5, 14, 3, 4, 'No'),
('Yasin', 'Carter', 'Male', 30, '2020-03-22', 3, 8, 4, 3, 'Yes'),
('Mona', 'Nguyen', 'Female', 27, '2020-12-17', 2, 3, 3, 4, 'Yes'),
('Amir', 'Reed', 'Male', 42, '2021-11-18', 3, 9, 5, 4, 'No'),
('Julia', 'Hall', 'Female', 30, '2021-01-14', 2, 4, 3, 3, 'No'),
('Yasin', 'Ibrahim', 'Male', 26, '2021-03-26', 5, 13, 2, 3, 'Yes'),
('Chloe', 'Mahmoud', 'Female', 26, '2017-08-10', 2, 3, 1, 3, 'No'),
('Yasin', 'Brooks', 'Male', 29, '2017-05-25', 6, 15, 2, 2, 'No'),
('Yasin', 'Taylor', 'Male', 39, '2021-08-20', 3, 7, 5, 5, 'No'),
('Bilal', 'Brown', 'Male', 30, '2017-02-17', 3, 6, 2, 3, 'No'),
('Reem', 'Price', 'Female', 52, '2022-11-23', 2, 5, 5, 5, 'No'),
('Yumna', 'Chen', 'Female', 23, '2019-09-17', 1, 1, 2, 3, 'No'),
('Hana', 'Williams', 'Female', 24, '2019-05-19', 2, 3, 2, 2, 'No'),
('Tamer', 'Rahman', 'Male', 30, '2017-05-04', 3, 6, 2, 3, 'No'),
('Daniel', 'Ali', 'Male', 23, '2022-03-10', 5, 13, 1, 2, 'No'),
('Elias', 'Ahmed', 'Male', 24, '2021-06-05', 6, 15, 1, 1, 'Yes'),
('Amir', 'Qureshi', 'Male', 28, '2021-10-17', 6, 15, 1, 3, 'Yes'),
('James', 'Brown', 'Male', 36, '2021-08-22', 4, 12, 5, 5, 'No'),
('Jared', 'Johnson', 'Male', 39, '2022-01-23', 4, 11, 3, 4, 'No'),
('Liam', 'Hall', 'Male', 29, '2017-11-19', 2, 4, 3, 2, 'Yes'),
('Daniel', 'Abbott', 'Male', 26, '2019-07-06', 1, 1, 1, 3, 'No'),
('Yusuf', 'Ross', 'Male', 49, '2021-01-20', 5, 14, 3, 2, 'Yes'),
('Patrick', 'Johnson', 'Male', 32, '2019-12-13', 3, 8, 4, 5, 'No'),
('Amira', 'Ibrahim', 'Female', 36, '2018-11-05', 2, 4, 4, 3, 'Yes'),
('James', 'Taylor', 'Male', 43, '2020-01-18', 5, 14, 5, 4, 'No'),
('Karim', 'White', 'Male', 23, '2021-02-26', 1, 1, 2, 2, 'No'),
('Mason', 'Qureshi', 'Male', 25, '2020-02-22', 5, 13, 2, 3, 'No'),
('Maya', 'White', 'Female', 39, '2020-02-02', 3, 8, 4, 4, 'No'),
('Fatima', 'Saeed', 'Female', 51, '2019-10-17', 5, 14, 5, 5, 'No'),
('Khaled', 'Bell', 'Male', 30, '2020-08-06', 5, 13, 2, 3, 'No'),
('Rania', 'Jackson', 'Female', 24, '2018-07-23', 2, 3, 1, 1, 'No'),
('Sana', 'Baker', 'Female', 36, '2020-05-09', 2, 4, 3, 3, 'No'),
('Dania', 'Bennett', 'Female', 52, '2020-04-02', 4, 12, 5, 4, 'No'),
('Leila', 'Williams', 'Female', 34, '2021-11-19', 4, 10, 3, 4, 'No'),
('Dania', 'Baker', 'Female', 29, '2020-04-14', 2, 3, 1, 2, 'Yes'),
('Nora', 'Hassan', 'Female', 27, '2018-10-08', 5, 13, 2, 3, 'No'),
('Amina', 'Alvarez', 'Female', 22, '2022-10-06', 1, 1, 3, 4, 'No'),
('Omar', 'Jackson', 'Male', 25, '2021-05-09', 6, 15, 1, 3, 'No'),
('David', 'Murphy', 'Male', 26, '2021-09-04', 5, 13, 2, 3, 'No'),
('Huda', 'Garcia', 'Female', 30, '2020-03-03', 2, 4, 2, 2, 'Yes'),
('Amira', 'Hassan', 'Female', 38, '2021-07-21', 4, 10, 2, 2, 'Yes'),
('Zayn', 'Ahmed', 'Male', 27, '2021-05-08', 3, 8, 3, 4, 'Yes'),
('Laila', 'Mahmoud', 'Female', 39, '2021-02-02', 4, 11, 3, 3, 'No'),
('Aaliyah', 'Abbott', 'Female', 28, '2021-10-20', 4, 11, 3, 3, 'No'),
('Leo', 'Saeed', 'Male', 41, '2021-01-25', 5, 14, 4, 4, 'Yes'),
('Noor', 'Walker', 'Female', 35, '2021-02-27', 4, 11, 3, 2, 'No'),
('Ethan', 'Diaz', 'Male', 23, '2022-05-05', 6, 15, 1, 1, 'Yes'),
('Shayma', 'Saeed', 'Female', 50, '2021-02-12', 5, 14, 3, 4, 'No'),
('Faris', 'Khan', 'Male', 33, '2017-09-18', 2, 4, 2, 2, 'No'),
('James', 'Alvarez', 'Male', 26, '2019-11-27', 5, 13, 1, 3, 'No'),
('Sofia', 'Morris', 'Female', 30, '2019-07-28', 1, 1, 2, 2, 'No'),
('Amira', 'Reed', 'Female', 42, '2021-04-12', 3, 9, 5, 4, 'Yes'),
('Ryan', 'Turner', 'Male', 39, '2021-10-15', 4, 10, 3, 3, 'No'),
('James', 'Hall', 'Male', 30, '2021-11-13', 2, 3, 2, 3, 'No'),
('James', 'Qureshi', 'Male', 34, '2022-12-02', 2, 4, 4, 2, 'Yes'),
('Zayn', 'Farah', 'Male', 35, '2020-10-20', 2, 4, 2, 3, 'Yes'),
('Laila', 'Patel', 'Female', 49, '2020-03-20', 4, 12, 4, 4, 'No'),
('Patrick', 'Nasser', 'Male', 38, '2017-09-10', 2, 4, 3, 3, 'Yes'),
('Maya', 'Hassan', 'Female', 32, '2018-01-13', 2, 4, 3, 3, 'No'),
('Michael', 'Ross', 'Male', 36, '2018-05-08', 3, 8, 4, 3, 'No'),
('Amina', 'Brooks', 'Female', 30, '2020-05-08', 1, 1, 2, 2, 'Yes'),
('Adam', 'Chen', 'Male', 23, '2021-06-17', 3, 6, 3, 3, 'No'),
('Ahmed', 'Ali', 'Male', 43, '2022-08-28', 6, 16, 5, 3, 'Yes'),
('Faris', 'Johnson', 'Male', 37, '2020-01-28', 3, 7, 3, 3, 'No'),
('Jacob', 'Williams', 'Male', 30, '2021-02-17', 2, 3, 2, 3, 'No'),
('Salma', 'Williams', 'Female', 37, '2020-01-20', 3, 8, 3, 5, 'No'),
('Hana', 'Bennett', 'Female', 30, '2018-08-27', 1, 1, 1, 2, 'Yes'),
('Ahmed', 'Hassan', 'Male', 27, '2021-10-22', 2, 3, 1, 2, 'Yes'),
('Adam', 'Scott', 'Male', 35, '2020-01-18', 3, 8, 2, 4, 'No'),
('Yasmin', 'Garcia', 'Female', 39, '2020-09-02', 3, 7, 3, 4, 'No'),
('Owen', 'Morris', 'Male', 28, '2020-08-05', 2, 4, 2, 2, 'Yes'),
('Zachary', 'Walker', 'Male', 38, '2021-05-09', 5, 14, 5, 5, 'No'),
('Hana', 'White', 'Female', 30, '2022-03-16', 1, 1, 1, 3, 'No'),
('Julia', 'Garcia', 'Female', 24, '2020-06-09', 6, 15, 2, 2, 'Yes'),
('Amina', 'Turner', 'Female', 37, '2019-07-06', 4, 11, 2, 3, 'No'),
('Maryam', 'Khan', 'Female', 48, '2019-08-17', 2, 5, 4, 4, 'No'),
('Hana', 'Bell', 'Female', 26, '2020-03-08', 2, 3, 1, 1, 'No'),
('Julia', 'Ahmed', 'Female', 48, '2022-12-12', 6, 16, 4, 2, 'Yes'),
('Jared', 'Hassan', 'Male', 37, '2018-09-16', 5, 14, 4, 4, 'No'),
('Salma', 'Cole', 'Female', 25, '2019-07-22', 1, 1, 1, 3, 'No'),
('Caleb', 'White', 'Male', 41, '2020-09-21', 4, 12, 4, 5, 'No'),
('Mona', 'Farah', 'Female', 23, '2019-01-15', 2, 3, 2, 2, 'No'),
('Ryan', 'Cole', 'Male', 26, '2017-07-19', 6, 15, 2, 2, 'Yes'),
('Julian', 'Reed', 'Male', 24, '2017-01-21', 6, 15, 1, 2, 'No'),
('Julia', 'Abbott', 'Female', 26, '2021-04-06', 6, 15, 3, 2, 'No'),
('Amal', 'Williams', 'Female', 37, '2019-02-04', 3, 9, 5, 5, 'No'),
('Aisha', 'Chen', 'Female', 29, '2020-04-02', 1, 1, 1, 2, 'No'),
('Aya', 'Brown', 'Female', 25, '2021-03-21', 1, 1, 1, 3, 'No'),
('Chloe', 'Younes', 'Female', 26, '2021-04-20', 5, 13, 1, 2, 'No'),
('Zachary', 'Morris', 'Male', 33, '2018-09-27', 3, 7, 3, 3, 'No'),
('Maha', 'Ibrahim', 'Female', 28, '2019-03-16', 6, 15, 1, 2, 'No'),
('Tariq', 'Brown', 'Male', 36, '2019-12-20', 2, 5, 5, 4, 'No'),
('Zachary', 'Patel', 'Male', 31, '2019-10-02', 6, 15, 2, 1, 'Yes'),
('Karim', 'Carter', 'Male', 35, '2017-03-09', 3, 7, 3, 3, 'Yes'),
('Farah', 'Chen', 'Female', 31, '2020-08-23', 6, 15, 2, 1, 'Yes'),
('Layla', 'Hall', 'Female', 26, '2021-01-09', 6, 15, 2, 1, 'Yes'),
('Amal', 'Farah', 'Female', 30, '2017-02-22', 4, 11, 4, 4, 'No'),
('Aaliyah', 'Jackson', 'Female', 24, '2018-08-22', 1, 1, 1, 2, 'No'),
('Michael', 'Williams', 'Male', 42, '2021-05-11', 5, 14, 5, 5, 'No'),
('Nora', 'Ross', 'Female', 41, '2018-04-26', 3, 9, 5, 4, 'No'),
('Jared', 'Taylor', 'Male', 41, '2021-07-06', 5, 14, 5, 4, 'No'),
('Bilal', 'Morris', 'Male', 29, '2019-06-27', 6, 15, 1, 1, 'Yes'),
('Rania', 'Young', 'Female', 50, '2018-10-22', 4, 12, 4, 4, 'No'),
('Ethan', 'Hassan', 'Male', 41, '2018-10-23', 5, 14, 4, 4, 'No'),
('Zahra', 'Reed', 'Female', 31, '2018-12-08', 6, 15, 2, 2, 'Yes'),
('Ali', 'Walker', 'Male', 39, '2022-06-12', 2, 4, 2, 3, 'No'),
('Amal', 'Ross', 'Female', 38, '2021-11-18', 3, 8, 3, 4, 'No'),
('James', 'Young', 'Male', 28, '2020-08-16', 4, 10, 2, 3, 'No'),
('Ibrahim', 'White', 'Male', 27, '2022-12-27', 1, 1, 2, 3, 'No'),
('Reem', 'Brown', 'Female', 27, '2019-06-10', 6, 15, 1, 3, 'No'),
('Hassan', 'Patel', 'Male', 34, '2022-12-03', 2, 4, 3, 3, 'No'),
('Leo', 'Martin', 'Male', 31, '2020-07-08', 2, 3, 2, 2, 'No'),
('Rami', 'Walker', 'Male', 24, '2017-12-08', 6, 15, 1, 1, 'Yes'),
('Ibrahim', 'Brown', 'Male', 28, '2019-09-18', 2, 3, 1, 2, 'Yes'),
('Maya', 'Farah', 'Female', 31, '2018-11-07', 3, 7, 3, 3, 'Yes'),
('Tariq', 'Qureshi', 'Male', 35, '2018-09-14', 3, 8, 3, 3, 'Yes'),
('Jared', 'Martin', 'Male', 24, '2019-10-24', 1, 1, 1, 3, 'No'),
('Yusuf', 'Mitchell', 'Male', 22, '2022-07-01', 6, 15, 2, 1, 'Yes'),
('Maha', 'Younes', 'Female', 37, '2021-06-18', 1, 2, 5, 5, 'No'),
('Noor', 'Mitchell', 'Female', 39, '2022-01-12', 1, 2, 5, 4, 'No'),
('Zayn', 'Bell', 'Male', 37, '2019-03-11', 4, 11, 3, 3, 'No'),
('Elias', 'Cooper', 'Male', 27, '2019-05-08', 4, 11, 2, 3, 'No'),
('Mona', 'Brooks', 'Female', 38, '2018-01-26', 4, 12, 5, 4, 'No'),
('Nathan', 'Morris', 'Male', 47, '2021-09-19', 6, 16, 4, 4, 'No'),
('Fatima', 'Green', 'Female', 26, '2019-08-20', 5, 13, 1, 2, 'No'),
('Layla', 'Carter', 'Female', 22, '2017-01-25', 5, 13, 1, 1, 'Yes'),
('Ali', 'Ali', 'Male', 28, '2021-03-05', 1, 1, 1, 2, 'No'),
('Maryam', 'Younes', 'Female', 44, '2022-10-07', 2, 5, 4, 4, 'No'),
('Ryan', 'Hall', 'Male', 31, '2022-01-28', 3, 8, 3, 4, 'No'),
('Yusuf', 'White', 'Male', 23, '2018-01-20', 1, 1, 1, 1, 'Yes'),
('Khadija', 'Green', 'Female', 48, '2017-09-28', 3, 9, 3, 4, 'Yes'),
('Caleb', 'Carter', 'Male', 37, '2021-09-01', 4, 11, 3, 5, 'No'),
('Iman', 'Hassan', 'Female', 28, '2017-07-08', 3, 7, 2, 4, 'No'),
('Dania', 'Nguyen', 'Female', 38, '2019-11-01', 2, 4, 3, 2, 'No'),
('Julian', 'Younes', 'Male', 22, '2017-03-23', 3, 6, 3, 4, 'No'),
('Patrick', 'Alvarez', 'Male', 39, '2020-04-20', 2, 4, 4, 2, 'Yes'),
('Iman', 'Green', 'Female', 49, '2021-01-10', 6, 16, 4, 3, 'Yes'),
('Nathan', 'Hall', 'Male', 31, '2019-12-13', 6, 15, 1, 1, 'Yes'),
('Ibrahim', 'Hassan', 'Male', 39, '2020-04-22', 3, 9, 5, 3, 'Yes'),
('Ibrahim', 'Lewis', 'Male', 23, '2020-07-16', 5, 13, 1, 1, 'Yes'),
('Yumna', 'Mahmoud', 'Female', 26, '2018-03-15', 6, 15, 1, 2, 'Yes'),
('Hannah', 'Young', 'Female', 46, '2021-05-04', 6, 16, 3, 4, 'No'),
('Sofia', 'Khan', 'Female', 30, '2021-10-07', 5, 13, 2, 3, 'No'),
('Zeinab', 'Alvarez', 'Female', 29, '2020-12-02', 1, 1, 2, 1, 'Yes'),
('Malik', 'Carter', 'Male', 28, '2022-07-13', 6, 15, 2, 3, 'No'),
('Aiden', 'Cooper', 'Male', 38, '2020-03-23', 3, 8, 3, 3, 'No'),
('Julia', 'White', 'Female', 25, '2019-05-02', 2, 3, 1, 3, 'No'),
('Aiden', 'Garcia', 'Male', 29, '2021-06-24', 2, 3, 1, 2, 'Yes'),
('Mona', 'Khan', 'Female', 24, '2020-09-07', 6, 15, 1, 1, 'Yes'),
('Nathan', 'Farah', 'Male', 39, '2022-06-17', 4, 12, 4, 4, 'No'),
('Daniel', 'Bell', 'Male', 26, '2018-09-26', 5, 13, 2, 2, 'Yes'),
('Amal', 'Ali', 'Female', 29, '2020-06-18', 1, 1, 3, 2, 'No'),
('Fatima', 'White', 'Female', 26, '2021-01-08', 6, 15, 2, 3, 'No'),
('Nicolas', 'Shah', 'Male', 42, '2019-06-09', 1, 2, 4, 4, 'No'),
('Malik', 'Nasser', 'Male', 47, '2018-10-06', 5, 14, 4, 3, 'Yes'),
('Emily', 'Reed', 'Female', 41, '2021-11-26', 4, 12, 4, 4, 'No'),
('Reem', 'Qureshi', 'Female', 35, '2021-04-12', 2, 5, 4, 5, 'No'),
('Jacob', 'Ward', 'Male', 39, '2017-05-03', 3, 9, 5, 5, 'No'),
('Yumna', 'Carter', 'Female', 38, '2021-09-14', 6, 16, 4, 2, 'Yes'),
('Nora', 'Brown', 'Female', 52, '2020-05-03', 1, 2, 3, 3, 'No'),
('Noor', 'Alvarez', 'Female', 23, '2019-09-20', 1, 1, 1, 2, 'No'),
('Noah', 'Reed', 'Male', 31, '2018-10-25', 2, 3, 1, 1, 'Yes'),
('Khaled', 'Young', 'Male', 29, '2020-03-10', 1, 1, 1, 1, 'Yes'),
('Shayma', 'Ward', 'Female', 29, '2022-10-15', 1, 1, 1, 2, 'No'),
('Chloe', 'Jackson', 'Female', 24, '2020-06-24', 2, 3, 2, 2, 'No'),
('Amira', 'Mahmoud', 'Female', 42, '2017-11-03', 5, 14, 4, 4, 'No'),
('Owen', 'Ward', 'Male', 29, '2018-11-14', 2, 4, 1, 1, 'Yes'),
('Chloe', 'Cooper', 'Female', 28, '2021-07-02', 5, 13, 2, 1, 'Yes'),
('Bilal', 'Patel', 'Male', 29, '2017-09-13', 5, 13, 2, 3, 'No'),
('Leo', 'Young', 'Male', 29, '2021-04-27', 1, 1, 1, 1, 'Yes'),
('Ryan', 'Alvarez', 'Male', 33, '2020-05-06', 4, 10, 3, 3, 'No'),
('Elias', 'Cole', 'Male', 46, '2022-07-10', 4, 12, 3, 4, 'No'),
('Nadine', 'Ward', 'Female', 24, '2020-03-11', 5, 13, 1, 1, 'No'),
('Aiden', 'Ali', 'Male', 37, '2022-11-09', 3, 8, 3, 3, 'No'),
('Isaac', 'Mahmoud', 'Male', 52, '2018-11-12', 4, 12, 5, 5, 'No'),
('Tamer', 'Brown', 'Male', 26, '2021-10-14', 6, 15, 1, 1, 'Yes'),
('Zeinab', 'Scott', 'Female', 22, '2017-05-08', 6, 15, 1, 1, 'No'),
('Julia', 'Brown', 'Female', 44, '2021-04-26', 6, 16, 2, 2, 'Yes'),
('Ryan', 'Chen', 'Male', 38, '2019-06-21', 2, 5, 4, 5, 'No'),
('Patrick', 'Hall', 'Male', 30, '2020-05-19', 2, 4, 4, 4, 'No'),
('Mason', 'Scott', 'Male', 40, '2019-01-20', 5, 14, 4, 4, 'No'),
('Nathan', 'Brown', 'Male', 36, '2020-03-22', 3, 9, 5, 5, 'No'),
('Noor', 'Bell', 'Female', 33, '2017-01-20', 4, 11, 3, 3, 'No'),
('Emily', 'Morris', 'Female', 47, '2018-04-14', 4, 12, 4, 3, 'No'),
('Mariam', 'Reed', 'Female', 30, '2021-07-20', 5, 13, 2, 3, 'No'),
('Huda', 'Chen', 'Female', 25, '2022-03-11', 6, 15, 1, 2, 'No');


INSERT INTO performance_reviews
(employee_id, review_date, performance_rating, promotion_eligibility)
VALUES
(1, '2022-06-30', 3, 'No'),
(1, '2023-06-30', 2, 'No'),
(1, '2024-06-30', 2, 'No'),
(2, '2023-06-30', 3, 'No'),
(2, '2024-06-30', 5, 'Yes'),
(3, '2021-06-30', 2, 'No'),
(3, '2022-06-30', 3, 'No'),
(3, '2023-06-30', 2, 'No'),
(3, '2024-06-30', 2, 'No'),
(4, '2022-06-30', 3, 'No'),
(4, '2023-06-30', 3, 'No'),
(4, '2024-06-30', 3, 'Yes'),
(5, '2022-06-30', 2, 'No'),
(5, '2023-06-30', 4, 'Yes'),
(5, '2024-06-30', 3, 'No'),
(6, '2021-06-30', 5, 'Yes'),
(6, '2022-06-30', 4, 'Yes'),
(6, '2023-06-30', 4, 'Yes'),
(6, '2024-06-30', 5, 'Yes'),
(7, '2022-06-30', 3, 'No'),
(7, '2023-06-30', 3, 'No'),
(7, '2024-06-30', 2, 'No'),
(8, '2023-06-30', 3, 'No'),
(8, '2024-06-30', 1, 'No'),
(9, '2023-06-30', 5, 'Yes'),
(9, '2024-06-30', 5, 'Yes'),
(10, '2021-06-30', 3, 'No'),
(10, '2022-06-30', 3, 'Yes'),
(10, '2023-06-30', 2, 'No'),
(10, '2024-06-30', 2, 'No'),
(11, '2023-06-30', 3, 'No'),
(11, '2024-06-30', 3, 'No'),
(12, '2021-06-30', 2, 'No'),
(12, '2022-06-30', 2, 'No'),
(12, '2023-06-30', 3, 'No'),
(12, '2024-06-30', 3, 'Yes'),
(13, '2021-06-30', 3, 'No'),
(13, '2022-06-30', 4, 'Yes'),
(13, '2023-06-30', 4, 'Yes'),
(13, '2024-06-30', 3, 'No'),
(14, '2021-06-30', 4, 'Yes'),
(14, '2022-06-30', 3, 'Yes'),
(14, '2023-06-30', 4, 'Yes'),
(14, '2024-06-30', 3, 'No'),
(15, '2022-06-30', 3, 'No'),
(15, '2023-06-30', 3, 'No'),
(15, '2024-06-30', 2, 'No'),
(16, '2022-06-30', 3, 'No'),
(16, '2023-06-30', 3, 'No'),
(16, '2024-06-30', 3, 'Yes'),
(17, '2023-06-30', 3, 'Yes'),
(17, '2024-06-30', 2, 'No'),
(18, '2022-06-30', 3, 'Yes'),
(18, '2023-06-30', 4, 'Yes'),
(18, '2024-06-30', 4, 'Yes'),
(19, '2023-06-30', 2, 'No'),
(19, '2024-06-30', 2, 'No'),
(20, '2022-06-30', 3, 'No'),
(20, '2023-06-30', 2, 'No'),
(20, '2024-06-30', 2, 'No'),
(21, '2022-06-30', 3, 'No'),
(21, '2023-06-30', 2, 'No'),
(21, '2024-06-30', 2, 'No'),
(22, '2023-06-30', 4, 'Yes'),
(22, '2024-06-30', 3, 'No'),
(23, '2023-06-30', 4, 'Yes'),
(23, '2024-06-30', 4, 'Yes'),
(24, '2022-06-30', 3, 'No'),
(24, '2023-06-30', 3, 'No'),
(24, '2024-06-30', 3, 'Yes'),
(25, '2022-06-30', 3, 'No'),
(25, '2023-06-30', 4, 'Yes'),
(25, '2024-06-30', 3, 'No'),
(26, '2022-06-30', 3, 'Yes'),
(26, '2023-06-30', 2, 'No'),
(26, '2024-06-30', 4, 'Yes'),
(27, '2022-06-30', 2, 'No'),
(27, '2023-06-30', 2, 'No'),
(27, '2024-06-30', 1, 'No'),
(28, '2022-06-30', 2, 'No'),
(28, '2023-06-30', 2, 'No'),
(28, '2024-06-30', 1, 'No'),
(29, '2022-06-30', 3, 'No'),
(29, '2023-06-30', 3, 'Yes'),
(29, '2024-06-30', 4, 'Yes'),
(30, '2022-06-30', 3, 'Yes'),
(30, '2023-06-30', 2, 'No'),
(30, '2024-06-30', 3, 'No'),
(31, '2022-06-30', 3, 'No'),
(31, '2023-06-30', 4, 'Yes'),
(31, '2024-06-30', 3, 'No'),
(32, '2021-06-30', 3, 'No'),
(32, '2022-06-30', 4, 'Yes'),
(32, '2023-06-30', 4, 'Yes'),
(32, '2024-06-30', 5, 'Yes'),
(33, '2022-06-30', 5, 'Yes'),
(33, '2023-06-30', 4, 'Yes'),
(33, '2024-06-30', 5, 'Yes'),
(34, '2023-06-30', 3, 'No'),
(34, '2024-06-30', 3, 'No'),
(35, '2023-06-30', 2, 'No'),
(35, '2024-06-30', 2, 'No'),
(36, '2022-06-30', 2, 'No'),
(36, '2023-06-30', 2, 'No'),
(36, '2024-06-30', 2, 'No'),
(37, '2021-06-30', 2, 'No'),
(37, '2022-06-30', 3, 'No'),
(37, '2023-06-30', 3, 'Yes'),
(37, '2024-06-30', 3, 'No'),
(38, '2021-06-30', 3, 'No'),
(38, '2022-06-30', 4, 'Yes'),
(38, '2023-06-30', 4, 'Yes'),
(38, '2024-06-30', 4, 'Yes'),
(39, '2021-06-30', 3, 'Yes'),
(39, '2022-06-30', 3, 'No'),
(39, '2023-06-30', 4, 'Yes'),
(39, '2024-06-30', 4, 'Yes'),
(40, '2021-06-30', 2, 'No'),
(40, '2022-06-30', 2, 'No'),
(40, '2023-06-30', 2, 'No'),
(40, '2024-06-30', 2, 'No'),
(41, '2021-06-30', 4, 'Yes'),
(41, '2022-06-30', 3, 'No'),
(41, '2023-06-30', 2, 'No'),
(41, '2024-06-30', 2, 'No'),
(42, '2021-06-30', 3, 'No'),
(42, '2022-06-30', 3, 'Yes'),
(42, '2023-06-30', 4, 'Yes'),
(42, '2024-06-30', 3, 'No'),
(43, '2022-06-30', 3, 'No'),
(43, '2023-06-30', 3, 'No'),
(43, '2024-06-30', 4, 'Yes'),
(44, '2021-06-30', 3, 'No'),
(44, '2022-06-30', 3, 'No'),
(44, '2023-06-30', 4, 'Yes'),
(44, '2024-06-30', 3, 'Yes'),
(45, '2021-06-30', 3, 'No'),
(45, '2022-06-30', 4, 'Yes'),
(45, '2023-06-30', 5, 'Yes'),
(45, '2024-06-30', 4, 'Yes'),
(46, '2022-06-30', 4, 'Yes'),
(46, '2023-06-30', 4, 'Yes'),
(46, '2024-06-30', 3, 'No'),
(47, '2023-06-30', 3, 'No'),
(47, '2024-06-30', 3, 'No'),
(48, '2022-06-30', 4, 'Yes'),
(48, '2023-06-30', 4, 'Yes'),
(48, '2024-06-30', 3, 'Yes'),
(49, '2021-06-30', 2, 'No'),
(49, '2022-06-30', 3, 'No'),
(49, '2023-06-30', 3, 'Yes'),
(49, '2024-06-30', 2, 'No'),
(50, '2023-06-30', 3, 'No'),
(50, '2024-06-30', 3, 'No'),
(51, '2022-06-30', 3, 'No'),
(51, '2023-06-30', 4, 'Yes'),
(51, '2024-06-30', 4, 'Yes'),
(52, '2021-06-30', 2, 'No'),
(52, '2022-06-30', 4, 'Yes'),
(52, '2023-06-30', 3, 'No'),
(52, '2024-06-30', 3, 'Yes'),
(53, '2021-06-30', 2, 'No'),
(53, '2022-06-30', 2, 'No'),
(53, '2023-06-30', 2, 'No'),
(53, '2024-06-30', 1, 'No'),
(54, '2023-06-30', 4, 'Yes'),
(54, '2024-06-30', 3, 'No'),
(55, '2022-06-30', 3, 'No'),
(55, '2023-06-30', 4, 'Yes'),
(55, '2024-06-30', 3, 'No'),
(56, '2022-06-30', 3, 'No'),
(56, '2023-06-30', 4, 'Yes'),
(56, '2024-06-30', 3, 'Yes'),
(57, '2021-06-30', 5, 'Yes'),
(57, '2022-06-30', 4, 'Yes'),
(57, '2023-06-30', 5, 'Yes'),
(57, '2024-06-30', 4, 'Yes'),
(58, '2023-06-30', 3, 'No'),
(58, '2024-06-30', 3, 'No'),
(59, '2022-06-30', 2, 'No'),
(59, '2023-06-30', 2, 'No'),
(59, '2024-06-30', 1, 'No'),
(60, '2023-06-30', 3, 'No'),
(60, '2024-06-30', 2, 'No'),
(61, '2022-06-30', 4, 'Yes'),
(61, '2023-06-30', 3, 'Yes'),
(61, '2024-06-30', 3, 'No'),
(62, '2021-06-30', 3, 'No'),
(62, '2022-06-30', 2, 'No'),
(62, '2023-06-30', 3, 'No'),
(62, '2024-06-30', 4, 'Yes'),
(63, '2021-06-30', 3, 'Yes'),
(63, '2022-06-30', 2, 'No'),
(63, '2023-06-30', 3, 'No'),
(63, '2024-06-30', 3, 'No'),
(64, '2021-06-30', 4, 'Yes'),
(64, '2022-06-30', 5, 'Yes'),
(64, '2023-06-30', 4, 'Yes'),
(64, '2024-06-30', 5, 'Yes'),
(65, '2021-06-30', 3, 'No'),
(65, '2022-06-30', 3, 'No'),
(65, '2023-06-30', 4, 'Yes'),
(65, '2024-06-30', 4, 'Yes'),
(66, '2023-06-30', 3, 'No'),
(66, '2024-06-30', 3, 'No'),
(67, '2021-06-30', 3, 'Yes'),
(67, '2022-06-30', 3, 'No'),
(67, '2023-06-30', 4, 'Yes'),
(67, '2024-06-30', 3, 'No'),
(68, '2023-06-30', 3, 'No'),
(68, '2024-06-30', 4, 'Yes'),
(69, '2022-06-30', 4, 'Yes'),
(69, '2023-06-30', 3, 'Yes'),
(69, '2024-06-30', 3, 'No'),
(70, '2021-06-30', 3, 'No'),
(70, '2022-06-30', 2, 'No'),
(70, '2023-06-30', 3, 'No'),
(70, '2024-06-30', 4, 'Yes'),
(71, '2021-06-30', 5, 'Yes'),
(71, '2022-06-30', 4, 'Yes'),
(71, '2023-06-30', 4, 'Yes'),
(71, '2024-06-30', 4, 'Yes'),
(72, '2021-06-30', 4, 'Yes'),
(72, '2022-06-30', 3, 'No'),
(72, '2023-06-30', 4, 'Yes'),
(72, '2024-06-30', 3, 'Yes'),
(73, '2021-06-30', 2, 'No'),
(73, '2022-06-30', 3, 'No'),
(73, '2023-06-30', 2, 'No'),
(73, '2024-06-30', 1, 'No'),
(74, '2021-06-30', 4, 'Yes'),
(74, '2022-06-30', 5, 'Yes'),
(74, '2023-06-30', 5, 'Yes'),
(74, '2024-06-30', 5, 'Yes'),
(75, '2021-06-30', 4, 'Yes'),
(75, '2022-06-30', 3, 'No'),
(75, '2023-06-30', 3, 'No'),
(75, '2024-06-30', 4, 'Yes'),
(76, '2023-06-30', 2, 'No'),
(76, '2024-06-30', 1, 'No'),
(77, '2023-06-30', 2, 'No'),
(77, '2024-06-30', 3, 'No'),
(78, '2022-06-30', 4, 'Yes'),
(78, '2023-06-30', 4, 'Yes'),
(78, '2024-06-30', 4, 'Yes'),
(79, '2021-06-30', 2, 'No'),
(79, '2022-06-30', 1, 'No'),
(79, '2023-06-30', 3, 'No'),
(79, '2024-06-30', 3, 'No'),
(80, '2021-06-30', 3, 'No'),
(80, '2022-06-30', 4, 'Yes'),
(80, '2023-06-30', 3, 'No'),
(80, '2024-06-30', 3, 'Yes'),
(81, '2021-06-30', 2, 'No'),
(81, '2022-06-30', 2, 'No'),
(81, '2023-06-30', 2, 'No'),
(81, '2024-06-30', 1, 'No'),
(82, '2021-06-30', 3, 'No'),
(82, '2022-06-30', 2, 'No'),
(82, '2023-06-30', 3, 'No'),
(82, '2024-06-30', 3, 'No'),
(83, '2023-06-30', 5, 'Yes'),
(83, '2024-06-30', 5, 'Yes'),
(84, '2022-06-30', 3, 'No'),
(84, '2023-06-30', 3, 'No'),
(84, '2024-06-30', 4, 'Yes'),
(85, '2023-06-30', 2, 'No'),
(85, '2024-06-30', 2, 'No'),
(86, '2023-06-30', 4, 'Yes'),
(86, '2024-06-30', 4, 'Yes'),
(87, '2023-06-30', 3, 'No'),
(87, '2024-06-30', 2, 'No'),
(88, '2022-06-30', 2, 'No'),
(88, '2023-06-30', 3, 'No'),
(88, '2024-06-30', 3, 'Yes'),
(89, '2023-06-30', 3, 'Yes'),
(89, '2024-06-30', 1, 'No'),
(90, '2021-06-30', 3, 'No'),
(90, '2022-06-30', 3, 'Yes'),
(90, '2023-06-30', 3, 'No'),
(90, '2024-06-30', 3, 'No'),
(91, '2022-06-30', 4, 'Yes'),
(91, '2023-06-30', 3, 'No'),
(91, '2024-06-30', 3, 'No'),
(92, '2022-06-30', 3, 'No'),
(92, '2023-06-30', 3, 'No'),
(92, '2024-06-30', 2, 'No'),
(93, '2021-06-30', 3, 'No'),
(93, '2022-06-30', 3, 'No'),
(93, '2023-06-30', 3, 'Yes'),
(93, '2024-06-30', 2, 'No'),
(94, '2022-06-30', 3, 'Yes'),
(94, '2023-06-30', 2, 'No'),
(94, '2024-06-30', 2, 'No'),
(95, '2021-06-30', 3, 'Yes'),
(95, '2022-06-30', 3, 'No'),
(95, '2023-06-30', 3, 'No'),
(95, '2024-06-30', 4, 'Yes'),
(96, '2022-06-30', 2, 'No'),
(96, '2023-06-30', 3, 'No'),
(96, '2024-06-30', 2, 'No'),
(97, '2023-06-30', 5, 'Yes'),
(97, '2024-06-30', 4, 'Yes'),
(98, '2023-06-30', 4, 'Yes'),
(98, '2024-06-30', 4, 'Yes'),
(99, '2023-06-30', 2, 'No'),
(99, '2024-06-30', 3, 'No'),
(100, '2023-06-30', 3, 'No'),
(100, '2024-06-30', 4, 'Yes'),
(101, '2021-06-30', 1, 'No'),
(101, '2022-06-30', 1, 'No'),
(101, '2023-06-30', 2, 'No'),
(101, '2024-06-30', 1, 'No'),
(102, '2022-06-30', 4, 'Yes'),
(102, '2023-06-30', 3, 'No'),
(102, '2024-06-30', 4, 'Yes'),
(103, '2021-06-30', 2, 'No'),
(103, '2022-06-30', 1, 'No'),
(103, '2023-06-30', 2, 'No'),
(103, '2024-06-30', 1, 'No'),
(104, '2022-06-30', 4, 'Yes'),
(104, '2023-06-30', 4, 'Yes'),
(104, '2024-06-30', 4, 'Yes'),
(105, '2022-06-30', 5, 'Yes'),
(105, '2023-06-30', 4, 'Yes'),
(105, '2024-06-30', 5, 'Yes'),
(106, '2022-06-30', 3, 'Yes'),
(106, '2023-06-30', 2, 'No'),
(106, '2024-06-30', 2, 'No'),
(107, '2022-06-30', 3, 'No'),
(107, '2023-06-30', 3, 'No'),
(107, '2024-06-30', 1, 'No'),
(108, '2021-06-30', 2, 'No'),
(108, '2022-06-30', 3, 'No'),
(108, '2023-06-30', 2, 'No'),
(108, '2024-06-30', 1, 'No'),
(109, '2021-06-30', 3, 'No'),
(109, '2022-06-30', 5, 'Yes'),
(109, '2023-06-30', 4, 'Yes'),
(109, '2024-06-30', 3, 'No'),
(110, '2023-06-30', 3, 'No'),
(110, '2024-06-30', 3, 'No'),
(111, '2022-06-30', 4, 'Yes'),
(111, '2023-06-30', 4, 'Yes'),
(111, '2024-06-30', 5, 'Yes'),
(112, '2021-06-30', 2, 'No'),
(112, '2022-06-30', 3, 'No'),
(112, '2023-06-30', 2, 'No'),
(112, '2024-06-30', 2, 'No'),
(113, '2022-06-30', 4, 'Yes'),
(113, '2023-06-30', 2, 'No'),
(113, '2024-06-30', 2, 'No'),
(114, '2021-06-30', 3, 'No'),
(114, '2022-06-30', 3, 'Yes'),
(114, '2023-06-30', 2, 'No'),
(114, '2024-06-30', 2, 'No'),
(115, '2021-06-30', 4, 'Yes'),
(115, '2022-06-30', 5, 'Yes'),
(115, '2023-06-30', 5, 'Yes'),
(115, '2024-06-30', 5, 'Yes'),
(116, '2022-06-30', 3, 'No'),
(116, '2023-06-30', 3, 'No'),
(116, '2024-06-30', 5, 'Yes'),
(117, '2022-06-30', 4, 'Yes'),
(117, '2023-06-30', 4, 'Yes'),
(117, '2024-06-30', 5, 'Yes'),
(118, '2021-06-30', 2, 'No'),
(118, '2022-06-30', 2, 'No'),
(118, '2023-06-30', 1, 'No'),
(118, '2024-06-30', 2, 'No'),
(119, '2021-06-30', 4, 'Yes'),
(119, '2022-06-30', 3, 'No'),
(119, '2023-06-30', 4, 'Yes'),
(119, '2024-06-30', 4, 'Yes'),
(120, '2021-06-30', 2, 'No'),
(120, '2022-06-30', 4, 'Yes'),
(120, '2023-06-30', 4, 'Yes'),
(120, '2024-06-30', 3, 'Yes'),
(121, '2021-06-30', 2, 'No'),
(121, '2022-06-30', 2, 'No'),
(121, '2023-06-30', 3, 'Yes'),
(121, '2024-06-30', 1, 'No'),
(122, '2021-06-30', 4, 'Yes'),
(122, '2022-06-30', 4, 'Yes'),
(122, '2023-06-30', 5, 'Yes'),
(122, '2024-06-30', 5, 'Yes'),
(123, '2022-06-30', 3, 'No'),
(123, '2023-06-30', 3, 'No'),
(123, '2024-06-30', 4, 'Yes'),
(124, '2023-06-30', 3, 'No'),
(124, '2024-06-30', 3, 'Yes'),
(125, '2021-06-30', 2, 'No'),
(125, '2022-06-30', 2, 'No'),
(125, '2023-06-30', 2, 'No'),
(125, '2024-06-30', 3, 'No'),
(126, '2023-06-30', 3, 'No'),
(126, '2024-06-30', 3, 'No'),
(127, '2023-06-30', 3, 'No'),
(127, '2024-06-30', 2, 'No'),
(128, '2021-06-30', 2, 'No'),
(128, '2022-06-30', 3, 'No'),
(128, '2023-06-30', 2, 'No'),
(128, '2024-06-30', 1, 'No'),
(129, '2022-06-30', 2, 'No'),
(129, '2023-06-30', 3, 'Yes'),
(129, '2024-06-30', 4, 'Yes'),
(130, '2022-06-30', 2, 'No'),
(130, '2023-06-30', 2, 'No'),
(130, '2024-06-30', 2, 'No'),
(131, '2021-06-30', 2, 'No'),
(131, '2022-06-30', 3, 'No'),
(131, '2023-06-30', 2, 'No'),
(131, '2024-06-30', 3, 'No'),
(132, '2021-06-30', 2, 'No'),
(132, '2022-06-30', 2, 'No'),
(132, '2023-06-30', 1, 'No'),
(132, '2024-06-30', 1, 'No'),
(133, '2023-06-30', 2, 'No'),
(133, '2024-06-30', 2, 'No'),
(134, '2022-06-30', 3, 'Yes'),
(134, '2023-06-30', 2, 'No'),
(134, '2024-06-30', 3, 'No'),
(135, '2022-06-30', 3, 'No'),
(135, '2023-06-30', 2, 'No'),
(135, '2024-06-30', 2, 'No'),
(136, '2021-06-30', 4, 'Yes'),
(136, '2022-06-30', 3, 'No'),
(136, '2023-06-30', 3, 'No'),
(136, '2024-06-30', 3, 'Yes'),
(137, '2021-06-30', 4, 'Yes'),
(137, '2022-06-30', 4, 'Yes'),
(137, '2023-06-30', 4, 'Yes'),
(137, '2024-06-30', 5, 'Yes'),
(138, '2022-06-30', 2, 'No'),
(138, '2023-06-30', 2, 'No'),
(138, '2024-06-30', 3, 'No'),
(139, '2021-06-30', 2, 'No'),
(139, '2022-06-30', 2, 'No'),
(139, '2023-06-30', 1, 'No'),
(139, '2024-06-30', 3, 'No'),
(140, '2022-06-30', 2, 'No'),
(140, '2023-06-30', 3, 'No'),
(140, '2024-06-30', 3, 'Yes'),
(141, '2023-06-30', 1, 'No'),
(141, '2024-06-30', 2, 'No'),
(142, '2022-06-30', 4, 'Yes'),
(142, '2023-06-30', 4, 'Yes'),
(142, '2024-06-30', 3, 'No'),
(143, '2021-06-30', 3, 'Yes'),
(143, '2022-06-30', 3, 'No'),
(143, '2023-06-30', 4, 'Yes'),
(143, '2024-06-30', 4, 'Yes'),
(144, '2022-06-30', 2, 'No'),
(144, '2023-06-30', 3, 'No'),
(144, '2024-06-30', 4, 'Yes'),
(145, '2022-06-30', 2, 'No'),
(145, '2023-06-30', 2, 'No'),
(145, '2024-06-30', 1, 'No'),
(146, '2022-06-30', 3, 'Yes'),
(146, '2023-06-30', 2, 'No'),
(146, '2024-06-30', 4, 'Yes'),
(147, '2021-06-30', 4, 'Yes'),
(147, '2022-06-30', 4, 'Yes'),
(147, '2023-06-30', 3, 'No'),
(147, '2024-06-30', 2, 'No'),
(148, '2023-06-30', 3, 'No'),
(148, '2024-06-30', 1, 'No'),
(149, '2021-06-30', 2, 'No'),
(149, '2022-06-30', 3, 'No'),
(149, '2023-06-30', 2, 'No'),
(149, '2024-06-30', 2, 'No'),
(150, '2022-06-30', 2, 'No'),
(150, '2023-06-30', 2, 'No'),
(150, '2024-06-30', 3, 'No'),
(151, '2022-06-30', 3, 'No'),
(151, '2023-06-30', 2, 'No'),
(151, '2024-06-30', 2, 'No'),
(152, '2021-06-30', 3, 'No'),
(152, '2022-06-30', 4, 'Yes'),
(152, '2023-06-30', 4, 'Yes'),
(152, '2024-06-30', 4, 'Yes'),
(153, '2022-06-30', 4, 'Yes'),
(153, '2023-06-30', 3, 'Yes'),
(153, '2024-06-30', 3, 'No'),
(154, '2021-06-30', 2, 'No'),
(154, '2022-06-30', 3, 'Yes'),
(154, '2023-06-30', 2, 'No'),
(154, '2024-06-30', 2, 'No'),
(155, '2022-06-30', 2, 'No'),
(155, '2023-06-30', 3, 'No'),
(155, '2024-06-30', 2, 'No'),
(156, '2022-06-30', 5, 'Yes'),
(156, '2023-06-30', 4, 'Yes'),
(156, '2024-06-30', 4, 'Yes'),
(157, '2022-06-30', 3, 'No'),
(157, '2023-06-30', 3, 'Yes'),
(157, '2024-06-30', 3, 'No'),
(158, '2023-06-30', 4, 'Yes'),
(158, '2024-06-30', 4, 'Yes'),
(159, '2023-06-30', 3, 'No'),
(159, '2024-06-30', 1, 'No'),
(160, '2023-06-30', 2, 'No'),
(160, '2024-06-30', 1, 'No'),
(161, '2023-06-30', 2, 'No'),
(161, '2024-06-30', 3, 'No'),
(162, '2023-06-30', 4, 'Yes'),
(162, '2024-06-30', 2, 'No'),
(163, '2022-06-30', 3, 'No'),
(163, '2023-06-30', 3, 'No'),
(163, '2024-06-30', 2, 'No'),
(164, '2022-06-30', 3, 'No'),
(164, '2023-06-30', 4, 'Yes'),
(164, '2024-06-30', 3, 'Yes'),
(165, '2022-06-30', 4, 'Yes'),
(165, '2023-06-30', 3, 'Yes'),
(165, '2024-06-30', 5, 'Yes'),
(166, '2023-06-30', 4, 'Yes'),
(166, '2024-06-30', 5, 'Yes'),
(167, '2023-06-30', 4, 'Yes'),
(167, '2024-06-30', 2, 'No'),
(168, '2021-06-30', 3, 'No'),
(168, '2022-06-30', 5, 'Yes'),
(168, '2023-06-30', 4, 'Yes'),
(168, '2024-06-30', 4, 'Yes'),
(169, '2021-06-30', 1, 'No'),
(169, '2022-06-30', 3, 'No'),
(169, '2023-06-30', 1, 'No'),
(169, '2024-06-30', 2, 'No'),
(170, '2023-06-30', 4, 'Yes'),
(170, '2024-06-30', 4, 'Yes'),
(171, '2023-06-30', 4, 'Yes'),
(171, '2024-06-30', 4, 'Yes'),
(172, '2023-06-30', 2, 'No'),
(172, '2024-06-30', 2, 'No'),
(173, '2022-06-30', 3, 'No'),
(173, '2023-06-30', 4, 'Yes'),
(173, '2024-06-30', 5, 'Yes'),
(174, '2022-06-30', 5, 'Yes'),
(174, '2023-06-30', 3, 'No'),
(174, '2024-06-30', 3, 'No'),
(175, '2022-06-30', 3, 'No'),
(175, '2023-06-30', 2, 'No'),
(175, '2024-06-30', 3, 'No'),
(176, '2021-06-30', 4, 'Yes'),
(176, '2022-06-30', 4, 'Yes'),
(176, '2023-06-30', 4, 'Yes'),
(176, '2024-06-30', 4, 'Yes'),
(177, '2021-06-30', 4, 'Yes'),
(177, '2022-06-30', 3, 'No'),
(177, '2023-06-30', 3, 'Yes'),
(177, '2024-06-30', 4, 'Yes'),
(178, '2021-06-30', 2, 'No'),
(178, '2022-06-30', 2, 'No'),
(178, '2023-06-30', 2, 'No'),
(178, '2024-06-30', 3, 'No'),
(179, '2022-06-30', 2, 'No'),
(179, '2023-06-30', 3, 'No'),
(179, '2024-06-30', 2, 'No'),
(180, '2023-06-30', 2, 'No'),
(180, '2024-06-30', 1, 'No'),
(181, '2021-06-30', 5, 'Yes'),
(181, '2022-06-30', 5, 'Yes'),
(181, '2023-06-30', 5, 'Yes'),
(181, '2024-06-30', 5, 'Yes'),
(182, '2021-06-30', 2, 'No'),
(182, '2022-06-30', 3, 'Yes'),
(182, '2023-06-30', 3, 'No'),
(182, '2024-06-30', 3, 'No'),
(183, '2021-06-30', 5, 'Yes'),
(183, '2022-06-30', 4, 'Yes'),
(183, '2023-06-30', 4, 'Yes'),
(183, '2024-06-30', 4, 'Yes'),
(184, '2023-06-30', 4, 'Yes'),
(184, '2024-06-30', 4, 'Yes'),
(185, '2023-06-30', 3, 'Yes'),
(185, '2024-06-30', 3, 'No'),
(186, '2022-06-30', 4, 'Yes'),
(186, '2023-06-30', 3, 'No'),
(186, '2024-06-30', 4, 'Yes'),
(187, '2022-06-30', 2, 'No'),
(187, '2023-06-30', 3, 'No'),
(187, '2024-06-30', 4, 'Yes'),
(188, '2023-06-30', 3, 'No'),
(188, '2024-06-30', 4, 'Yes'),
(189, '2021-06-30', 2, 'No'),
(189, '2022-06-30', 3, 'No'),
(189, '2023-06-30', 3, 'Yes'),
(189, '2024-06-30', 4, 'Yes'),
(190, '2022-06-30', 3, 'Yes'),
(190, '2023-06-30', 2, 'No'),
(190, '2024-06-30', 2, 'No'),
(191, '2022-06-30', 1, 'No'),
(191, '2023-06-30', 2, 'No'),
(191, '2024-06-30', 2, 'No'),
(192, '2021-06-30', 4, 'Yes'),
(192, '2022-06-30', 3, 'No'),
(192, '2023-06-30', 3, 'No'),
(192, '2024-06-30', 3, 'Yes'),
(193, '2022-06-30', 4, 'Yes'),
(193, '2023-06-30', 5, 'Yes'),
(193, '2024-06-30', 4, 'Yes'),
(194, '2022-06-30', 3, 'Yes'),
(194, '2023-06-30', 2, 'No'),
(194, '2024-06-30', 2, 'No'),
(195, '2021-06-30', 3, 'Yes'),
(195, '2022-06-30', 4, 'Yes'),
(195, '2023-06-30', 4, 'Yes'),
(195, '2024-06-30', 3, 'No'),
(196, '2021-06-30', 4, 'Yes'),
(196, '2022-06-30', 3, 'No'),
(196, '2023-06-30', 4, 'Yes'),
(196, '2024-06-30', 5, 'Yes'),
(197, '2023-06-30', 3, 'Yes'),
(197, '2024-06-30', 3, 'No'),
(198, '2021-06-30', 3, 'No'),
(198, '2022-06-30', 2, 'No'),
(198, '2023-06-30', 2, 'No'),
(198, '2024-06-30', 1, 'No'),
(199, '2022-06-30', 3, 'No'),
(199, '2023-06-30', 3, 'No'),
(199, '2024-06-30', 3, 'No'),
(200, '2022-06-30', 3, 'No'),
(200, '2023-06-30', 4, 'Yes'),
(200, '2024-06-30', 3, 'Yes'),
(201, '2022-06-30', 2, 'No'),
(201, '2023-06-30', 1, 'No'),
(201, '2024-06-30', 2, 'No'),
(202, '2022-06-30', 3, 'Yes'),
(202, '2023-06-30', 1, 'No'),
(202, '2024-06-30', 2, 'No'),
(203, '2022-06-30', 4, 'Yes'),
(203, '2023-06-30', 3, 'No'),
(203, '2024-06-30', 4, 'Yes'),
(204, '2022-06-30', 2, 'No'),
(204, '2023-06-30', 3, 'No'),
(204, '2024-06-30', 2, 'No'),
(205, '2023-06-30', 2, 'No'),
(205, '2024-06-30', 4, 'Yes'),
(206, '2023-06-30', 2, 'No'),
(206, '2024-06-30', 2, 'No'),
(207, '2021-06-30', 4, 'Yes'),
(207, '2022-06-30', 4, 'Yes'),
(207, '2023-06-30', 4, 'Yes'),
(207, '2024-06-30', 4, 'Yes'),
(208, '2022-06-30', 4, 'Yes'),
(208, '2023-06-30', 3, 'No'),
(208, '2024-06-30', 4, 'Yes'),
(209, '2021-06-30', 4, 'Yes'),
(209, '2022-06-30', 3, 'No'),
(209, '2023-06-30', 4, 'Yes'),
(209, '2024-06-30', 4, 'Yes'),
(210, '2022-06-30', 1, 'No'),
(210, '2023-06-30', 1, 'No'),
(210, '2024-06-30', 2, 'No'),
(211, '2023-06-30', 3, 'No'),
(211, '2024-06-30', 3, 'No'),
(212, '2023-06-30', 3, 'No'),
(212, '2024-06-30', 2, 'No'),
(213, '2021-06-30', 4, 'Yes'),
(213, '2022-06-30', 5, 'Yes'),
(213, '2023-06-30', 4, 'Yes'),
(213, '2024-06-30', 5, 'Yes'),
(214, '2022-06-30', 4, 'Yes'),
(214, '2023-06-30', 4, 'Yes'),
(214, '2024-06-30', 3, 'No'),
(215, '2022-06-30', 2, 'No'),
(215, '2023-06-30', 2, 'No'),
(215, '2024-06-30', 2, 'No'),
(216, '2022-06-30', 2, 'No'),
(216, '2023-06-30', 3, 'No'),
(216, '2024-06-30', 2, 'No'),
(217, '2023-06-30', 3, 'Yes'),
(217, '2024-06-30', 3, 'No'),
(218, '2021-06-30', 3, 'No'),
(218, '2022-06-30', 2, 'No'),
(218, '2023-06-30', 3, 'No'),
(218, '2024-06-30', 2, 'No'),
(219, '2021-06-30', 5, 'Yes'),
(219, '2022-06-30', 4, 'Yes'),
(219, '2023-06-30', 4, 'Yes'),
(219, '2024-06-30', 5, 'Yes'),
(220, '2023-06-30', 4, 'Yes'),
(220, '2024-06-30', 3, 'Yes'),
(221, '2022-06-30', 3, 'No'),
(221, '2023-06-30', 2, 'No'),
(221, '2024-06-30', 3, 'No'),
(222, '2023-06-30', 4, 'Yes'),
(222, '2024-06-30', 3, 'No'),
(223, '2022-06-30', 1, 'No'),
(223, '2023-06-30', 3, 'No'),
(223, '2024-06-30', 2, 'No'),
(224, '2022-06-30', 2, 'No'),
(224, '2023-06-30', 2, 'No'),
(224, '2024-06-30', 2, 'No'),
(225, '2022-06-30', 4, 'Yes'),
(225, '2023-06-30', 4, 'Yes'),
(225, '2024-06-30', 2, 'No'),
(226, '2023-06-30', 1, 'No'),
(226, '2024-06-30', 2, 'No'),
(227, '2022-06-30', 2, 'No'),
(227, '2023-06-30', 3, 'No'),
(227, '2024-06-30', 3, 'No'),
(228, '2022-06-30', 2, 'No'),
(228, '2023-06-30', 2, 'No'),
(228, '2024-06-30', 3, 'Yes'),
(229, '2022-06-30', 3, 'No'),
(229, '2023-06-30', 2, 'No'),
(229, '2024-06-30', 3, 'No'),
(230, '2023-06-30', 3, 'No'),
(230, '2024-06-30', 4, 'Yes'),
(231, '2022-06-30', 2, 'No'),
(231, '2023-06-30', 2, 'No'),
(231, '2024-06-30', 2, 'No'),
(232, '2022-06-30', 4, 'Yes'),
(232, '2023-06-30', 3, 'No'),
(232, '2024-06-30', 4, 'Yes'),
(233, '2021-06-30', 3, 'No'),
(233, '2022-06-30', 2, 'No'),
(233, '2023-06-30', 3, 'Yes'),
(233, '2024-06-30', 3, 'No'),
(234, '2021-06-30', 3, 'No'),
(234, '2022-06-30', 3, 'Yes'),
(234, '2023-06-30', 4, 'Yes'),
(234, '2024-06-30', 3, 'No'),
(235, '2021-06-30', 3, 'Yes'),
(235, '2022-06-30', 2, 'No'),
(235, '2023-06-30', 1, 'No'),
(235, '2024-06-30', 2, 'No'),
(236, '2022-06-30', 5, 'Yes'),
(236, '2023-06-30', 4, 'Yes'),
(236, '2024-06-30', 4, 'Yes'),
(237, '2023-06-30', 4, 'Yes'),
(237, '2024-06-30', 3, 'No'),
(238, '2021-06-30', 3, 'No'),
(238, '2022-06-30', 3, 'Yes'),
(238, '2023-06-30', 2, 'No'),
(238, '2024-06-30', 3, 'No'),
(239, '2022-06-30', 3, 'No'),
(239, '2023-06-30', 3, 'No'),
(239, '2024-06-30', 3, 'No'),
(240, '2022-06-30', 4, 'Yes'),
(240, '2023-06-30', 3, 'No'),
(240, '2024-06-30', 3, 'Yes'),
(241, '2022-06-30', 2, 'No'),
(241, '2023-06-30', 1, 'No'),
(241, '2024-06-30', 2, 'No'),
(242, '2021-06-30', 4, 'Yes'),
(242, '2022-06-30', 4, 'Yes'),
(242, '2023-06-30', 4, 'Yes'),
(242, '2024-06-30', 4, 'Yes'),
(243, '2021-06-30', 3, 'Yes'),
(243, '2022-06-30', 3, 'No'),
(243, '2023-06-30', 3, 'No'),
(243, '2024-06-30', 3, 'No'),
(244, '2022-06-30', 4, 'Yes'),
(244, '2023-06-30', 3, 'No'),
(244, '2024-06-30', 4, 'Yes'),
(245, '2021-06-30', 3, 'No'),
(245, '2022-06-30', 2, 'No'),
(245, '2023-06-30', 3, 'Yes'),
(245, '2024-06-30', 2, 'No'),
(246, '2021-06-30', 3, 'No'),
(246, '2022-06-30', 2, 'No'),
(246, '2023-06-30', 2, 'No'),
(246, '2024-06-30', 3, 'No'),
(247, '2022-06-30', 4, 'Yes'),
(247, '2023-06-30', 3, 'No'),
(247, '2024-06-30', 3, 'No'),
(248, '2022-06-30', 3, 'No'),
(248, '2023-06-30', 3, 'No'),
(248, '2024-06-30', 2, 'No'),
(249, '2022-06-30', 1, 'No'),
(249, '2023-06-30', 1, 'No'),
(249, '2024-06-30', 2, 'No'),
(250, '2023-06-30', 4, 'Yes'),
(250, '2024-06-30', 4, 'Yes'),
(251, '2021-06-30', 3, 'Yes'),
(251, '2022-06-30', 4, 'Yes'),
(251, '2023-06-30', 4, 'Yes'),
(251, '2024-06-30', 4, 'Yes'),
(252, '2022-06-30', 4, 'Yes'),
(252, '2023-06-30', 5, 'Yes'),
(252, '2024-06-30', 4, 'Yes'),
(253, '2021-06-30', 2, 'No'),
(253, '2022-06-30', 3, 'No'),
(253, '2023-06-30', 2, 'No'),
(253, '2024-06-30', 2, 'No'),
(254, '2022-06-30', 3, 'Yes'),
(254, '2023-06-30', 3, 'No'),
(254, '2024-06-30', 3, 'No'),
(255, '2023-06-30', 5, 'Yes'),
(255, '2024-06-30', 5, 'Yes'),
(256, '2023-06-30', 4, 'Yes'),
(256, '2024-06-30', 3, 'Yes'),
(257, '2021-06-30', 2, 'No'),
(257, '2022-06-30', 2, 'No'),
(257, '2023-06-30', 2, 'No'),
(257, '2024-06-30', 1, 'No'),
(258, '2022-06-30', 2, 'No'),
(258, '2023-06-30', 1, 'No'),
(258, '2024-06-30', 2, 'No'),
(259, '2023-06-30', 4, 'Yes'),
(259, '2024-06-30', 3, 'No'),
(260, '2022-06-30', 5, 'Yes'),
(260, '2023-06-30', 4, 'Yes'),
(260, '2024-06-30', 3, 'Yes'),
(261, '2022-06-30', 2, 'No'),
(261, '2023-06-30', 2, 'No'),
(261, '2024-06-30', 2, 'No'),
(262, '2021-06-30', 4, 'Yes'),
(262, '2022-06-30', 4, 'Yes'),
(262, '2023-06-30', 3, 'No'),
(262, '2024-06-30', 5, 'Yes'),
(263, '2022-06-30', 4, 'Yes'),
(263, '2023-06-30', 3, 'No'),
(263, '2024-06-30', 3, 'No'),
(264, '2021-06-30', 4, 'Yes'),
(264, '2022-06-30', 2, 'No'),
(264, '2023-06-30', 2, 'No'),
(264, '2024-06-30', 3, 'Yes'),
(265, '2022-06-30', 4, 'Yes'),
(265, '2023-06-30', 3, 'Yes'),
(265, '2024-06-30', 5, 'Yes'),
(266, '2021-06-30', 3, 'No'),
(266, '2022-06-30', 4, 'Yes'),
(266, '2023-06-30', 3, 'No'),
(266, '2024-06-30', 3, 'No'),
(267, '2021-06-30', 2, 'No'),
(267, '2022-06-30', 2, 'No'),
(267, '2023-06-30', 2, 'No'),
(267, '2024-06-30', 3, 'No'),
(268, '2022-06-30', 2, 'No'),
(268, '2023-06-30', 1, 'No'),
(268, '2024-06-30', 2, 'No'),
(269, '2022-06-30', 4, 'Yes'),
(269, '2023-06-30', 4, 'Yes'),
(269, '2024-06-30', 5, 'Yes'),
(270, '2022-06-30', 3, 'Yes'),
(270, '2023-06-30', 2, 'No'),
(270, '2024-06-30', 2, 'No'),
(271, '2022-06-30', 2, 'No'),
(271, '2023-06-30', 2, 'No'),
(271, '2024-06-30', 2, 'No'),
(272, '2022-06-30', 2, 'No'),
(272, '2023-06-30', 2, 'No'),
(272, '2024-06-30', 3, 'Yes'),
(273, '2022-06-30', 3, 'No'),
(273, '2023-06-30', 3, 'Yes'),
(273, '2024-06-30', 3, 'No'),
(274, '2021-06-30', 1, 'No'),
(274, '2022-06-30', 2, 'No'),
(274, '2023-06-30', 1, 'No'),
(274, '2024-06-30', 1, 'No'),
(275, '2023-06-30', 2, 'No'),
(275, '2024-06-30', 3, 'No'),
(276, '2021-06-30', 1, 'No'),
(276, '2022-06-30', 1, 'No'),
(276, '2023-06-30', 3, 'No'),
(276, '2024-06-30', 1, 'No'),
(277, '2021-06-30', 1, 'No'),
(277, '2022-06-30', 2, 'No'),
(277, '2023-06-30', 1, 'No'),
(277, '2024-06-30', 1, 'No'),
(278, '2022-06-30', 4, 'Yes'),
(278, '2023-06-30', 3, 'No'),
(278, '2024-06-30', 3, 'No'),
(279, '2021-06-30', 2, 'No'),
(279, '2022-06-30', 4, 'Yes'),
(279, '2023-06-30', 2, 'No'),
(279, '2024-06-30', 2, 'No'),
(280, '2021-06-30', 4, 'Yes'),
(280, '2022-06-30', 4, 'Yes'),
(280, '2023-06-30', 5, 'Yes'),
(280, '2024-06-30', 5, 'Yes'),
(281, '2022-06-30', 3, 'No'),
(281, '2023-06-30', 2, 'No'),
(281, '2024-06-30', 3, 'No'),
(282, '2021-06-30', 3, 'No'),
(282, '2022-06-30', 3, 'Yes'),
(282, '2023-06-30', 4, 'Yes'),
(282, '2024-06-30', 4, 'Yes'),
(283, '2023-06-30', 3, 'No'),
(283, '2024-06-30', 4, 'Yes'),
(284, '2021-06-30', 5, 'Yes'),
(284, '2022-06-30', 3, 'No'),
(284, '2023-06-30', 4, 'Yes'),
(284, '2024-06-30', 3, 'Yes'),
(285, '2022-06-30', 3, 'No'),
(285, '2023-06-30', 3, 'Yes'),
(285, '2024-06-30', 2, 'No'),
(286, '2021-06-30', 3, 'No'),
(286, '2022-06-30', 2, 'No'),
(286, '2023-06-30', 4, 'Yes'),
(286, '2024-06-30', 3, 'No'),
(287, '2023-06-30', 1, 'No'),
(287, '2024-06-30', 3, 'No'),
(288, '2023-06-30', 3, 'No'),
(288, '2024-06-30', 2, 'No'),
(289, '2022-06-30', 2, 'No'),
(289, '2023-06-30', 2, 'No'),
(289, '2024-06-30', 2, 'No'),
(290, '2022-06-30', 4, 'Yes'),
(290, '2023-06-30', 2, 'No'),
(290, '2024-06-30', 2, 'No'),
(291, '2021-06-30', 3, 'Yes'),
(291, '2022-06-30', 3, 'No'),
(291, '2023-06-30', 2, 'No'),
(291, '2024-06-30', 4, 'Yes'),
(292, '2022-06-30', 3, 'No'),
(292, '2023-06-30', 1, 'No'),
(292, '2024-06-30', 3, 'Yes'),
(293, '2023-06-30', 4, 'Yes'),
(293, '2024-06-30', 4, 'Yes'),
(294, '2022-06-30', 3, 'Yes'),
(294, '2023-06-30', 1, 'No'),
(294, '2024-06-30', 2, 'No'),
(295, '2022-06-30', 1, 'No'),
(295, '2023-06-30', 2, 'No'),
(295, '2024-06-30', 2, 'No'),
(296, '2022-06-30', 3, 'No'),
(296, '2023-06-30', 3, 'No'),
(296, '2024-06-30', 2, 'No'),
(297, '2023-06-30', 2, 'No'),
(297, '2024-06-30', 3, 'No'),
(298, '2023-06-30', 3, 'No'),
(298, '2024-06-30', 3, 'No'),
(299, '2022-06-30', 3, 'No'),
(299, '2023-06-30', 2, 'No'),
(299, '2024-06-30', 2, 'No'),
(300, '2022-06-30', 2, 'No'),
(300, '2023-06-30', 3, 'No'),
(300, '2024-06-30', 3, 'Yes'),
(301, '2021-06-30', 3, 'No'),
(301, '2022-06-30', 5, 'Yes'),
(301, '2023-06-30', 5, 'Yes'),
(301, '2024-06-30', 4, 'Yes'),
(302, '2021-06-30', 3, 'No'),
(302, '2022-06-30', 2, 'No'),
(302, '2023-06-30', 3, 'No'),
(302, '2024-06-30', 2, 'No'),
(303, '2023-06-30', 3, 'No'),
(303, '2024-06-30', 3, 'No'),
(304, '2022-06-30', 3, 'No'),
(304, '2023-06-30', 3, 'No'),
(304, '2024-06-30', 4, 'Yes'),
(305, '2022-06-30', 4, 'Yes'),
(305, '2023-06-30', 4, 'Yes'),
(305, '2024-06-30', 5, 'Yes'),
(306, '2023-06-30', 3, 'No'),
(306, '2024-06-30', 4, 'Yes'),
(307, '2023-06-30', 3, 'No'),
(307, '2024-06-30', 2, 'No'),
(308, '2021-06-30', 2, 'No'),
(308, '2022-06-30', 3, 'No'),
(308, '2023-06-30', 2, 'No'),
(308, '2024-06-30', 3, 'Yes'),
(309, '2023-06-30', 4, 'Yes'),
(309, '2024-06-30', 4, 'Yes'),
(310, '2021-06-30', 3, 'No'),
(310, '2022-06-30', 3, 'Yes'),
(310, '2023-06-30', 3, 'No'),
(310, '2024-06-30', 5, 'Yes'),
(311, '2021-06-30', 3, 'Yes'),
(311, '2022-06-30', 2, 'No'),
(311, '2023-06-30', 3, 'No'),
(311, '2024-06-30', 2, 'No'),
(312, '2022-06-30', 3, 'No'),
(312, '2023-06-30', 2, 'No'),
(312, '2024-06-30', 2, 'No'),
(313, '2021-06-30', 5, 'Yes'),
(313, '2022-06-30', 5, 'Yes'),
(313, '2023-06-30', 4, 'Yes'),
(313, '2024-06-30', 5, 'Yes'),
(314, '2023-06-30', 5, 'Yes'),
(314, '2024-06-30', 5, 'Yes'),
(315, '2023-06-30', 5, 'Yes'),
(315, '2024-06-30', 3, 'No'),
(316, '2021-06-30', 3, 'No'),
(316, '2022-06-30', 2, 'No'),
(316, '2023-06-30', 4, 'Yes'),
(316, '2024-06-30', 2, 'No'),
(317, '2021-06-30', 3, 'No'),
(317, '2022-06-30', 4, 'Yes'),
(317, '2023-06-30', 4, 'Yes'),
(317, '2024-06-30', 5, 'Yes'),
(318, '2022-06-30', 4, 'Yes'),
(318, '2023-06-30', 4, 'Yes'),
(318, '2024-06-30', 4, 'Yes'),
(319, '2022-06-30', 3, 'No'),
(319, '2023-06-30', 2, 'No'),
(319, '2024-06-30', 3, 'No'),
(320, '2023-06-30', 2, 'No'),
(320, '2024-06-30', 3, 'Yes'),
(321, '2022-06-30', 3, 'No'),
(321, '2023-06-30', 3, 'Yes'),
(321, '2024-06-30', 2, 'No'),
(322, '2023-06-30', 3, 'No'),
(322, '2024-06-30', 3, 'No'),
(323, '2022-06-30', 5, 'Yes'),
(323, '2023-06-30', 5, 'Yes'),
(323, '2024-06-30', 5, 'Yes'),
(324, '2022-06-30', 3, 'No'),
(324, '2023-06-30', 4, 'Yes'),
(324, '2024-06-30', 3, 'Yes'),
(325, '2023-06-30', 4, 'Yes'),
(325, '2024-06-30', 5, 'Yes'),
(326, '2022-06-30', 3, 'Yes'),
(326, '2023-06-30', 4, 'Yes'),
(326, '2024-06-30', 2, 'No'),
(327, '2022-06-30', 3, 'No'),
(327, '2023-06-30', 2, 'No'),
(327, '2024-06-30', 1, 'No'),
(328, '2021-06-30', 3, 'No'),
(328, '2022-06-30', 4, 'Yes'),
(328, '2023-06-30', 3, 'No'),
(328, '2024-06-30', 4, 'Yes'),
(329, '2023-06-30', 2, 'No'),
(329, '2024-06-30', 2, 'No'),
(330, '2022-06-30', 2, 'No'),
(330, '2023-06-30', 2, 'No'),
(330, '2024-06-30', 1, 'No'),
(331, '2022-06-30', 3, 'No'),
(331, '2023-06-30', 3, 'No'),
(331, '2024-06-30', 4, 'Yes'),
(332, '2022-06-30', 4, 'Yes'),
(332, '2023-06-30', 5, 'Yes'),
(332, '2024-06-30', 4, 'Yes'),
(333, '2023-06-30', 3, 'Yes'),
(333, '2024-06-30', 4, 'Yes'),
(334, '2021-06-30', 2, 'No'),
(334, '2022-06-30', 3, 'Yes'),
(334, '2023-06-30', 2, 'No'),
(334, '2024-06-30', 3, 'No'),
(335, '2022-06-30', 3, 'No'),
(335, '2023-06-30', 4, 'Yes'),
(335, '2024-06-30', 3, 'No'),
(336, '2022-06-30', 3, 'No'),
(336, '2023-06-30', 2, 'No'),
(336, '2024-06-30', 2, 'No'),
(337, '2021-06-30', 4, 'Yes'),
(337, '2022-06-30', 5, 'Yes'),
(337, '2023-06-30', 4, 'Yes'),
(337, '2024-06-30', 4, 'Yes'),
(338, '2021-06-30', 3, 'No'),
(338, '2022-06-30', 4, 'Yes'),
(338, '2023-06-30', 4, 'Yes'),
(338, '2024-06-30', 3, 'No'),
(339, '2021-06-30', 3, 'Yes'),
(339, '2022-06-30', 4, 'Yes'),
(339, '2023-06-30', 3, 'No'),
(339, '2024-06-30', 5, 'Yes'),
(340, '2022-06-30', 2, 'No'),
(340, '2023-06-30', 3, 'No'),
(340, '2024-06-30', 2, 'No'),
(341, '2021-06-30', 3, 'No'),
(341, '2022-06-30', 3, 'No'),
(341, '2023-06-30', 2, 'No'),
(341, '2024-06-30', 3, 'No'),
(342, '2021-06-30', 4, 'Yes'),
(342, '2022-06-30', 4, 'Yes'),
(342, '2023-06-30', 4, 'Yes'),
(342, '2024-06-30', 3, 'No'),
(343, '2021-06-30', 4, 'Yes'),
(343, '2022-06-30', 5, 'Yes'),
(343, '2023-06-30', 4, 'Yes'),
(343, '2024-06-30', 5, 'Yes'),
(344, '2022-06-30', 3, 'No'),
(344, '2023-06-30', 2, 'No'),
(344, '2024-06-30', 2, 'No'),
(345, '2022-06-30', 2, 'No'),
(345, '2023-06-30', 1, 'No'),
(345, '2024-06-30', 2, 'No'),
(346, '2022-06-30', 3, 'Yes'),
(346, '2023-06-30', 3, 'No'),
(346, '2024-06-30', 2, 'No'),
(347, '2023-06-30', 4, 'Yes'),
(347, '2024-06-30', 3, 'No'),
(348, '2022-06-30', 3, 'No'),
(348, '2023-06-30', 3, 'No'),
(348, '2024-06-30', 4, 'Yes'),
(349, '2022-06-30', 3, 'No'),
(349, '2023-06-30', 2, 'No'),
(349, '2024-06-30', 3, 'No'),
(350, '2021-06-30', 2, 'No'),
(350, '2022-06-30', 4, 'Yes'),
(350, '2023-06-30', 3, 'No'),
(350, '2024-06-30', 3, 'No'),
(351, '2023-06-30', 3, 'No'),
(351, '2024-06-30', 4, 'Yes'),
(352, '2022-06-30', 3, 'No'),
(352, '2023-06-30', 3, 'No'),
(352, '2024-06-30', 4, 'Yes'),
(353, '2022-06-30', 3, 'No'),
(353, '2023-06-30', 3, 'Yes'),
(353, '2024-06-30', 4, 'Yes'),
(354, '2021-06-30', 2, 'No'),
(354, '2022-06-30', 2, 'No'),
(354, '2023-06-30', 2, 'No'),
(354, '2024-06-30', 3, 'No'),
(355, '2023-06-30', 2, 'No'),
(355, '2024-06-30', 3, 'No'),
(356, '2022-06-30', 4, 'Yes'),
(356, '2023-06-30', 3, 'No'),
(356, '2024-06-30', 4, 'Yes'),
(357, '2022-06-30', 4, 'Yes'),
(357, '2023-06-30', 3, 'Yes'),
(357, '2024-06-30', 2, 'No'),
(358, '2022-06-30', 3, 'Yes'),
(358, '2023-06-30', 3, 'No'),
(358, '2024-06-30', 3, 'No'),
(359, '2022-06-30', 5, 'Yes'),
(359, '2023-06-30', 3, 'No'),
(359, '2024-06-30', 4, 'Yes'),
(360, '2022-06-30', 2, 'No'),
(360, '2023-06-30', 3, 'No'),
(360, '2024-06-30', 3, 'Yes'),
(361, '2023-06-30', 3, 'Yes'),
(361, '2024-06-30', 2, 'No'),
(362, '2023-06-30', 5, 'Yes'),
(362, '2024-06-30', 3, 'No'),
(363, '2021-06-30', 3, 'Yes'),
(363, '2022-06-30', 1, 'No'),
(363, '2023-06-30', 2, 'No'),
(363, '2024-06-30', 2, 'No'),
(364, '2022-06-30', 3, 'No'),
(364, '2023-06-30', 3, 'No'),
(364, '2024-06-30', 3, 'Yes'),
(365, '2021-06-30', 2, 'No'),
(365, '2022-06-30', 3, 'No'),
(365, '2023-06-30', 2, 'No'),
(365, '2024-06-30', 3, 'No'),
(366, '2022-06-30', 3, 'Yes'),
(366, '2023-06-30', 4, 'Yes'),
(366, '2024-06-30', 4, 'Yes'),
(367, '2022-06-30', 2, 'No'),
(367, '2023-06-30', 3, 'No'),
(367, '2024-06-30', 4, 'Yes'),
(368, '2022-06-30', 2, 'No'),
(368, '2023-06-30', 3, 'No'),
(368, '2024-06-30', 3, 'Yes'),
(369, '2023-06-30', 2, 'No'),
(369, '2024-06-30', 2, 'No'),
(370, '2021-06-30', 3, 'No'),
(370, '2022-06-30', 3, 'Yes'),
(370, '2023-06-30', 3, 'No'),
(370, '2024-06-30', 4, 'Yes'),
(371, '2021-06-30', 4, 'Yes'),
(371, '2022-06-30', 4, 'Yes'),
(371, '2023-06-30', 4, 'Yes'),
(371, '2024-06-30', 3, 'No'),
(372, '2021-06-30', 3, 'No'),
(372, '2022-06-30', 3, 'No'),
(372, '2023-06-30', 4, 'Yes'),
(372, '2024-06-30', 4, 'Yes'),
(373, '2023-06-30', 3, 'Yes'),
(373, '2024-06-30', 4, 'Yes'),
(374, '2021-06-30', 4, 'Yes'),
(374, '2022-06-30', 3, 'Yes'),
(374, '2023-06-30', 3, 'No'),
(374, '2024-06-30', 4, 'Yes'),
(375, '2021-06-30', 3, 'Yes'),
(375, '2022-06-30', 3, 'No'),
(375, '2023-06-30', 2, 'No'),
(375, '2024-06-30', 3, 'No'),
(376, '2023-06-30', 1, 'No'),
(376, '2024-06-30', 3, 'Yes'),
(377, '2023-06-30', 3, 'Yes'),
(377, '2024-06-30', 3, 'No'),
(378, '2021-06-30', 3, 'No'),
(378, '2022-06-30', 3, 'Yes'),
(378, '2023-06-30', 4, 'Yes'),
(378, '2024-06-30', 3, 'No'),
(379, '2022-06-30', 4, 'Yes'),
(379, '2023-06-30', 3, 'No'),
(379, '2024-06-30', 3, 'No'),
(380, '2021-06-30', 5, 'Yes'),
(380, '2022-06-30', 4, 'Yes'),
(380, '2023-06-30', 5, 'Yes'),
(380, '2024-06-30', 5, 'Yes'),
(381, '2021-06-30', 2, 'No'),
(381, '2022-06-30', 2, 'No'),
(381, '2023-06-30', 3, 'Yes'),
(381, '2024-06-30', 2, 'No'),
(382, '2022-06-30', 2, 'No'),
(382, '2023-06-30', 2, 'No'),
(382, '2024-06-30', 2, 'No'),
(383, '2021-06-30', 3, 'Yes'),
(383, '2022-06-30', 3, 'No'),
(383, '2023-06-30', 4, 'Yes'),
(383, '2024-06-30', 5, 'Yes'),
(384, '2021-06-30', 4, 'Yes'),
(384, '2022-06-30', 4, 'Yes'),
(384, '2023-06-30', 4, 'Yes'),
(384, '2024-06-30', 4, 'Yes'),
(385, '2021-06-30', 2, 'No'),
(385, '2022-06-30', 2, 'No'),
(385, '2023-06-30', 3, 'Yes'),
(385, '2024-06-30', 3, 'No'),
(386, '2023-06-30', 4, 'Yes'),
(386, '2024-06-30', 5, 'Yes'),
(387, '2023-06-30', 3, 'No'),
(387, '2024-06-30', 2, 'No'),
(388, '2021-06-30', 2, 'No'),
(388, '2022-06-30', 2, 'No'),
(388, '2023-06-30', 2, 'No'),
(388, '2024-06-30', 2, 'No'),
(389, '2022-06-30', 2, 'No'),
(389, '2023-06-30', 3, 'Yes'),
(389, '2024-06-30', 2, 'No'),
(390, '2021-06-30', 4, 'Yes'),
(390, '2022-06-30', 3, 'Yes'),
(390, '2023-06-30', 5, 'Yes'),
(390, '2024-06-30', 4, 'Yes'),
(391, '2021-06-30', 1, 'No'),
(391, '2022-06-30', 1, 'No'),
(391, '2023-06-30', 1, 'No'),
(391, '2024-06-30', 1, 'No'),
(392, '2023-06-30', 2, 'No'),
(392, '2024-06-30', 2, 'No'),
(393, '2022-06-30', 5, 'Yes'),
(393, '2023-06-30', 5, 'Yes'),
(393, '2024-06-30', 4, 'Yes'),
(394, '2022-06-30', 3, 'Yes'),
(394, '2023-06-30', 4, 'Yes'),
(394, '2024-06-30', 3, 'No'),
(395, '2021-06-30', 4, 'Yes'),
(395, '2022-06-30', 4, 'Yes'),
(395, '2023-06-30', 4, 'Yes'),
(395, '2024-06-30', 5, 'Yes'),
(396, '2022-06-30', 3, 'No'),
(396, '2023-06-30', 3, 'No'),
(396, '2024-06-30', 3, 'Yes'),
(397, '2022-06-30', 3, 'No'),
(397, '2023-06-30', 2, 'No'),
(397, '2024-06-30', 2, 'No'),
(398, '2022-06-30', 4, 'Yes'),
(398, '2023-06-30', 2, 'No'),
(398, '2024-06-30', 2, 'No'),
(399, '2022-06-30', 2, 'No'),
(399, '2023-06-30', 2, 'No'),
(399, '2024-06-30', 2, 'No'),
(400, '2021-06-30', 5, 'Yes'),
(400, '2022-06-30', 4, 'Yes'),
(400, '2023-06-30', 5, 'Yes'),
(400, '2024-06-30', 5, 'Yes'),
(401, '2022-06-30', 3, 'No'),
(401, '2023-06-30', 3, 'Yes'),
(401, '2024-06-30', 3, 'No'),
(402, '2022-06-30', 3, 'Yes'),
(402, '2023-06-30', 3, 'No'),
(402, '2024-06-30', 3, 'No'),
(403, '2022-06-30', 2, 'No'),
(403, '2023-06-30', 3, 'No'),
(403, '2024-06-30', 2, 'No'),
(404, '2023-06-30', 3, 'No'),
(404, '2024-06-30', 3, 'Yes'),
(405, '2021-06-30', 3, 'No'),
(405, '2022-06-30', 2, 'No'),
(405, '2023-06-30', 3, 'Yes'),
(405, '2024-06-30', 2, 'No'),
(406, '2021-06-30', 4, 'Yes'),
(406, '2022-06-30', 3, 'Yes'),
(406, '2023-06-30', 4, 'Yes'),
(406, '2024-06-30', 4, 'Yes'),
(407, '2022-06-30', 1, 'No'),
(407, '2023-06-30', 2, 'No'),
(407, '2024-06-30', 2, 'No'),
(408, '2023-06-30', 2, 'No'),
(408, '2024-06-30', 3, 'Yes'),
(409, '2022-06-30', 3, 'No'),
(409, '2023-06-30', 1, 'No'),
(409, '2024-06-30', 2, 'No'),
(410, '2022-06-30', 2, 'No'),
(410, '2023-06-30', 1, 'No'),
(410, '2024-06-30', 2, 'No'),
(411, '2021-06-30', 4, 'Yes'),
(411, '2022-06-30', 4, 'Yes'),
(411, '2023-06-30', 4, 'Yes'),
(411, '2024-06-30', 4, 'Yes'),
(412, '2021-06-30', 3, 'No'),
(412, '2022-06-30', 2, 'No'),
(412, '2023-06-30', 2, 'No'),
(412, '2024-06-30', 2, 'No'),
(413, '2022-06-30', 5, 'Yes'),
(413, '2023-06-30', 4, 'Yes'),
(413, '2024-06-30', 4, 'Yes'),
(414, '2021-06-30', 3, 'No'),
(414, '2022-06-30', 3, 'Yes'),
(414, '2023-06-30', 4, 'Yes'),
(414, '2024-06-30', 4, 'Yes'),
(415, '2023-06-30', 3, 'No'),
(415, '2024-06-30', 4, 'Yes'),
(416, '2022-06-30', 2, 'No'),
(416, '2023-06-30', 1, 'No'),
(416, '2024-06-30', 2, 'No'),
(417, '2023-06-30', 4, 'Yes'),
(417, '2024-06-30', 4, 'Yes'),
(418, '2021-06-30', 4, 'Yes'),
(418, '2022-06-30', 4, 'Yes'),
(418, '2023-06-30', 3, 'No'),
(418, '2024-06-30', 3, 'No'),
(419, '2021-06-30', 2, 'No'),
(419, '2022-06-30', 3, 'No'),
(419, '2023-06-30', 2, 'No'),
(419, '2024-06-30', 2, 'No'),
(420, '2023-06-30', 4, 'Yes'),
(420, '2024-06-30', 3, 'Yes'),
(421, '2022-06-30', 4, 'Yes'),
(421, '2023-06-30', 4, 'Yes'),
(421, '2024-06-30', 4, 'Yes'),
(422, '2021-06-30', 4, 'Yes'),
(422, '2022-06-30', 2, 'No'),
(422, '2023-06-30', 2, 'No'),
(422, '2024-06-30', 3, 'No'),
(423, '2023-06-30', 3, 'No'),
(423, '2024-06-30', 3, 'No'),
(424, '2021-06-30', 3, 'No'),
(424, '2022-06-30', 2, 'No'),
(424, '2023-06-30', 1, 'No'),
(424, '2024-06-30', 4, 'Yes'),
(425, '2023-06-30', 2, 'No'),
(425, '2024-06-30', 3, 'No'),
(426, '2022-06-30', 2, 'No'),
(426, '2023-06-30', 2, 'No'),
(426, '2024-06-30', 2, 'No'),
(427, '2021-06-30', 3, 'Yes'),
(427, '2022-06-30', 2, 'No'),
(427, '2023-06-30', 2, 'No'),
(427, '2024-06-30', 2, 'No'),
(428, '2021-06-30', 2, 'No'),
(428, '2022-06-30', 2, 'No'),
(428, '2023-06-30', 2, 'No'),
(428, '2024-06-30', 2, 'No'),
(429, '2021-06-30', 4, 'Yes'),
(429, '2022-06-30', 3, 'No'),
(429, '2023-06-30', 3, 'Yes'),
(429, '2024-06-30', 3, 'No'),
(430, '2022-06-30', 4, 'Yes'),
(430, '2023-06-30', 3, 'No'),
(430, '2024-06-30', 3, 'No'),
(431, '2022-06-30', 3, 'No'),
(431, '2023-06-30', 3, 'No'),
(431, '2024-06-30', 3, 'No'),
(432, '2023-06-30', 2, 'No'),
(432, '2024-06-30', 1, 'No'),
(433, '2022-06-30', 5, 'Yes'),
(433, '2023-06-30', 4, 'Yes'),
(433, '2024-06-30', 4, 'Yes'),
(434, '2023-06-30', 4, 'Yes'),
(434, '2024-06-30', 4, 'Yes'),
(435, '2022-06-30', 3, 'No'),
(435, '2023-06-30', 3, 'No'),
(435, '2024-06-30', 4, 'Yes'),
(436, '2022-06-30', 3, 'No'),
(436, '2023-06-30', 3, 'No'),
(436, '2024-06-30', 3, 'Yes'),
(437, '2022-06-30', 3, 'No'),
(437, '2023-06-30', 4, 'Yes'),
(437, '2024-06-30', 4, 'Yes'),
(438, '2022-06-30', 4, 'Yes'),
(438, '2023-06-30', 4, 'Yes'),
(438, '2024-06-30', 5, 'Yes'),
(439, '2021-06-30', 3, 'Yes'),
(439, '2022-06-30', 3, 'No'),
(439, '2023-06-30', 2, 'No'),
(439, '2024-06-30', 2, 'No'),
(440, '2022-06-30', 1, 'No'),
(440, '2023-06-30', 2, 'No'),
(440, '2024-06-30', 1, 'No'),
(441, '2022-06-30', 2, 'No'),
(441, '2023-06-30', 2, 'No'),
(441, '2024-06-30', 3, 'No'),
(442, '2023-06-30', 3, 'No'),
(442, '2024-06-30', 4, 'Yes'),
(443, '2023-06-30', 4, 'Yes'),
(443, '2024-06-30', 3, 'No'),
(444, '2022-06-30', 2, 'No'),
(444, '2023-06-30', 1, 'No'),
(444, '2024-06-30', 2, 'No'),
(445, '2021-06-30', 4, 'Yes'),
(445, '2022-06-30', 3, 'No'),
(445, '2023-06-30', 4, 'Yes'),
(445, '2024-06-30', 4, 'Yes'),
(446, '2023-06-30', 4, 'Yes'),
(446, '2024-06-30', 4, 'Yes'),
(447, '2021-06-30', 4, 'Yes'),
(447, '2022-06-30', 3, 'No'),
(447, '2023-06-30', 4, 'Yes'),
(447, '2024-06-30', 4, 'Yes'),
(448, '2022-06-30', 2, 'No'),
(448, '2023-06-30', 2, 'No'),
(448, '2024-06-30', 3, 'Yes'),
(449, '2021-06-30', 3, 'No'),
(449, '2022-06-30', 4, 'Yes'),
(449, '2023-06-30', 2, 'No'),
(449, '2024-06-30', 4, 'Yes'),
(450, '2023-06-30', 1, 'No'),
(450, '2024-06-30', 3, 'No'),
(451, '2022-06-30', 3, 'No'),
(451, '2023-06-30', 3, 'No'),
(451, '2024-06-30', 3, 'No'),
(452, '2022-06-30', 2, 'No'),
(452, '2023-06-30', 2, 'No'),
(452, '2024-06-30', 2, 'No'),
(453, '2022-06-30', 3, 'No'),
(453, '2023-06-30', 2, 'No'),
(453, '2024-06-30', 3, 'No'),
(454, '2022-06-30', 2, 'No'),
(454, '2023-06-30', 3, 'No'),
(454, '2024-06-30', 2, 'No'),
(455, '2023-06-30', 3, 'No'),
(455, '2024-06-30', 3, 'No'),
(456, '2022-06-30', 4, 'Yes'),
(456, '2023-06-30', 4, 'Yes'),
(456, '2024-06-30', 5, 'Yes'),
(457, '2022-06-30', 3, 'No'),
(457, '2023-06-30', 4, 'Yes'),
(457, '2024-06-30', 3, 'No'),
(458, '2021-06-30', 2, 'No'),
(458, '2022-06-30', 2, 'No'),
(458, '2023-06-30', 1, 'No'),
(458, '2024-06-30', 1, 'No'),
(459, '2023-06-30', 3, 'No'),
(459, '2024-06-30', 3, 'No'),
(460, '2021-06-30', 3, 'No'),
(460, '2022-06-30', 4, 'Yes'),
(460, '2023-06-30', 2, 'No'),
(460, '2024-06-30', 3, 'Yes'),
(461, '2021-06-30', 4, 'Yes'),
(461, '2022-06-30', 3, 'No'),
(461, '2023-06-30', 3, 'Yes'),
(461, '2024-06-30', 2, 'No'),
(462, '2022-06-30', 2, 'No'),
(462, '2023-06-30', 2, 'No'),
(462, '2024-06-30', 3, 'No'),
(463, '2022-06-30', 2, 'No'),
(463, '2023-06-30', 1, 'No'),
(463, '2024-06-30', 1, 'No'),
(464, '2023-06-30', 4, 'Yes'),
(464, '2024-06-30', 4, 'Yes'),
(465, '2022-06-30', 1, 'No'),
(465, '2023-06-30', 3, 'Yes'),
(465, '2024-06-30', 2, 'No'),
(466, '2021-06-30', 2, 'No'),
(466, '2022-06-30', 2, 'No'),
(466, '2023-06-30', 2, 'No'),
(466, '2024-06-30', 2, 'No'),
(467, '2022-06-30', 3, 'No'),
(467, '2023-06-30', 4, 'Yes'),
(467, '2024-06-30', 2, 'No'),
(468, '2021-06-30', 3, 'No'),
(468, '2022-06-30', 4, 'Yes'),
(468, '2023-06-30', 3, 'No'),
(468, '2024-06-30', 4, 'Yes'),
(469, '2023-06-30', 4, 'Yes'),
(469, '2024-06-30', 3, 'No'),
(470, '2022-06-30', 3, 'Yes'),
(470, '2023-06-30', 4, 'Yes'),
(470, '2024-06-30', 4, 'Yes'),
(471, '2023-06-30', 4, 'Yes'),
(471, '2024-06-30', 4, 'Yes'),
(472, '2022-06-30', 5, 'Yes'),
(472, '2023-06-30', 5, 'Yes'),
(472, '2024-06-30', 4, 'Yes'),
(473, '2022-06-30', 2, 'No'),
(473, '2023-06-30', 3, 'Yes'),
(473, '2024-06-30', 2, 'No'),
(474, '2021-06-30', 2, 'No'),
(474, '2022-06-30', 4, 'Yes'),
(474, '2023-06-30', 3, 'No'),
(474, '2024-06-30', 4, 'Yes'),
(475, '2022-06-30', 3, 'No'),
(475, '2023-06-30', 2, 'No'),
(475, '2024-06-30', 3, 'No'),
(476, '2021-06-30', 2, 'No'),
(476, '2022-06-30', 2, 'No'),
(476, '2023-06-30', 2, 'No'),
(476, '2024-06-30', 1, 'No'),
(477, '2021-06-30', 2, 'No'),
(477, '2022-06-30', 1, 'No'),
(477, '2023-06-30', 3, 'Yes'),
(477, '2024-06-30', 2, 'No'),
(478, '2023-06-30', 3, 'No'),
(478, '2024-06-30', 3, 'No'),
(479, '2021-06-30', 3, 'Yes'),
(479, '2022-06-30', 3, 'No'),
(479, '2023-06-30', 3, 'No'),
(479, '2024-06-30', 3, 'No'),
(480, '2021-06-30', 4, 'Yes'),
(480, '2022-06-30', 4, 'Yes'),
(480, '2023-06-30', 4, 'Yes'),
(480, '2024-06-30', 4, 'Yes'),
(481, '2023-06-30', 2, 'No'),
(481, '2024-06-30', 2, 'No'),
(482, '2022-06-30', 2, 'No'),
(482, '2023-06-30', 1, 'No'),
(482, '2024-06-30', 2, 'No'),
(483, '2021-06-30', 2, 'No'),
(483, '2022-06-30', 3, 'No'),
(483, '2023-06-30', 3, 'No'),
(483, '2024-06-30', 3, 'No'),
(484, '2022-06-30', 2, 'No'),
(484, '2023-06-30', 1, 'No'),
(484, '2024-06-30', 2, 'No'),
(485, '2022-06-30', 3, 'No'),
(485, '2023-06-30', 3, 'Yes'),
(485, '2024-06-30', 2, 'No'),
(486, '2023-06-30', 3, 'No'),
(486, '2024-06-30', 3, 'No'),
(487, '2023-06-30', 1, 'No'),
(487, '2024-06-30', 2, 'No'),
(488, '2023-06-30', 4, 'Yes'),
(488, '2024-06-30', 3, 'Yes'),
(489, '2021-06-30', 5, 'Yes'),
(489, '2022-06-30', 4, 'Yes'),
(489, '2023-06-30', 5, 'Yes'),
(489, '2024-06-30', 5, 'Yes'),
(490, '2023-06-30', 2, 'No'),
(490, '2024-06-30', 2, 'No'),
(491, '2022-06-30', 2, 'No'),
(491, '2023-06-30', 2, 'No'),
(491, '2024-06-30', 1, 'No'),
(492, '2022-06-30', 4, 'Yes'),
(492, '2023-06-30', 3, 'No'),
(492, '2024-06-30', 2, 'No'),
(493, '2021-06-30', 4, 'Yes'),
(493, '2022-06-30', 4, 'Yes'),
(493, '2023-06-30', 5, 'Yes'),
(493, '2024-06-30', 4, 'Yes'),
(494, '2022-06-30', 3, 'Yes'),
(494, '2023-06-30', 4, 'Yes'),
(494, '2024-06-30', 5, 'Yes'),
(495, '2021-06-30', 4, 'Yes'),
(495, '2022-06-30', 3, 'No'),
(495, '2023-06-30', 4, 'Yes'),
(495, '2024-06-30', 5, 'Yes'),
(496, '2022-06-30', 4, 'Yes'),
(496, '2023-06-30', 5, 'Yes'),
(496, '2024-06-30', 4, 'Yes'),
(497, '2021-06-30', 2, 'No'),
(497, '2022-06-30', 3, 'No'),
(497, '2023-06-30', 3, 'Yes'),
(497, '2024-06-30', 4, 'Yes'),
(498, '2021-06-30', 3, 'No'),
(498, '2022-06-30', 3, 'Yes'),
(498, '2023-06-30', 3, 'No'),
(498, '2024-06-30', 3, 'No'),
(499, '2022-06-30', 3, 'No'),
(499, '2023-06-30', 4, 'Yes'),
(499, '2024-06-30', 3, 'No'),
(500, '2023-06-30', 2, 'No'),
(500, '2024-06-30', 3, 'Yes');


INSERT INTO exit_reasons
(employee_id, termination_date, exit_reason, exit_type)
VALUES
(1, '2025-10-12', 'Burnout', 'Voluntary'),
(8, '2025-11-26', 'Burnout', 'Voluntary'),
(13, '2025-06-16', 'Better Pay', 'Voluntary'),
(19, '2025-06-29', 'Restructuring', 'Involuntary'),
(26, '2025-02-23', 'Career Change', 'Voluntary'),
(34, '2025-07-29', 'Better Pay', 'Voluntary'),
(36, '2025-09-03', 'Restructuring', 'Involuntary'),
(46, '2025-03-01', 'Better Pay', 'Voluntary'),
(49, '2025-09-07', 'Performance Issues', 'Involuntary'),
(53, '2025-10-24', 'Burnout', 'Voluntary'),
(58, '2025-10-30', 'Career Change', 'Voluntary'),
(59, '2025-10-20', 'Attendance Issues', 'Involuntary'),
(77, '2025-11-08', 'Burnout', 'Voluntary'),
(87, '2025-05-31', 'Burnout', 'Voluntary'),
(88, '2025-06-06', 'Work-Life Balance', 'Voluntary'),
(92, '2025-04-11', 'Work-Life Balance', 'Voluntary'),
(100, '2025-07-29', 'Career Change', 'Voluntary'),
(104, '2025-08-06', 'Family Reasons', 'Voluntary'),
(106, '2025-11-14', 'Performance Issues', 'Involuntary'),
(107, '2025-09-30', 'Performance Issues', 'Involuntary'),
(114, '2025-02-10', 'Restructuring', 'Involuntary'),
(118, '2025-02-27', 'Performance Issues', 'Involuntary'),
(121, '2025-11-03', 'Attendance Issues', 'Involuntary'),
(134, '2025-03-25', 'Career Change', 'Voluntary'),
(136, '2025-06-22', 'Better Pay', 'Voluntary'),
(138, '2025-03-10', 'Family Reasons', 'Voluntary'),
(140, '2025-02-09', 'Better Pay', 'Voluntary'),
(141, '2025-04-16', 'Career Change', 'Voluntary'),
(145, '2025-09-02', 'Better Pay', 'Voluntary'),
(148, '2025-04-13', 'Career Change', 'Voluntary'),
(149, '2025-03-04', 'Restructuring', 'Involuntary'),
(158, '2025-03-26', 'Burnout', 'Voluntary'),
(161, '2025-03-31', 'Work-Life Balance', 'Voluntary'),
(170, '2025-11-06', 'Burnout', 'Voluntary'),
(171, '2025-03-27', 'Career Change', 'Voluntary'),
(179, '2025-10-03', 'Performance Issues', 'Involuntary'),
(180, '2025-04-22', 'Career Change', 'Voluntary'),
(190, '2025-02-12', 'Better Pay', 'Voluntary'),
(192, '2025-02-08', 'Relocation', 'Voluntary'),
(199, '2025-04-28', 'Family Reasons', 'Voluntary'),
(204, '2025-07-25', 'Burnout', 'Voluntary'),
(205, '2025-09-04', 'Better Pay', 'Voluntary'),
(209, '2025-05-14', 'Career Change', 'Voluntary'),
(215, '2025-05-08', 'Attendance Issues', 'Involuntary'),
(217, '2025-01-30', 'Career Change', 'Voluntary'),
(226, '2025-07-21', 'Work-Life Balance', 'Voluntary'),
(231, '2025-08-19', 'Attendance Issues', 'Involuntary'),
(234, '2025-03-31', 'Career Change', 'Voluntary'),
(235, '2025-03-21', 'Burnout', 'Voluntary'),
(237, '2025-02-28', 'Relocation', 'Voluntary'),
(238, '2025-10-15', 'Better Pay', 'Voluntary'),
(239, '2025-09-26', 'Better Pay', 'Voluntary'),
(241, '2025-03-05', 'Attendance Issues', 'Involuntary'),
(244, '2025-04-09', 'Better Pay', 'Voluntary'),
(262, '2025-07-08', 'Better Pay', 'Voluntary'),
(263, '2025-07-23', 'Burnout', 'Voluntary'),
(267, '2025-05-05', 'Work-Life Balance', 'Voluntary'),
(268, '2025-01-22', 'Manager Conflict', 'Voluntary'),
(274, '2025-07-11', 'Work-Life Balance', 'Voluntary'),
(275, '2025-11-06', 'Manager Conflict', 'Voluntary'),
(276, '2025-07-27', 'Work-Life Balance', 'Voluntary'),
(285, '2025-11-11', 'Restructuring', 'Involuntary'),
(287, '2025-04-10', 'Better Pay', 'Voluntary'),
(288, '2025-04-01', 'Work-Life Balance', 'Voluntary'),
(299, '2025-11-16', 'Burnout', 'Voluntary'),
(303, '2025-04-29', 'Family Reasons', 'Voluntary'),
(307, '2025-10-16', 'Attendance Issues', 'Involuntary'),
(308, '2025-12-11', 'Better Pay', 'Voluntary'),
(312, '2025-09-29', 'Policy Violation', 'Involuntary'),
(313, '2025-12-13', 'Relocation', 'Voluntary'),
(322, '2025-01-29', 'Burnout', 'Voluntary'),
(330, '2025-02-19', 'Burnout', 'Voluntary'),
(331, '2025-01-23', 'Better Pay', 'Voluntary'),
(334, '2025-04-14', 'Manager Conflict', 'Voluntary'),
(336, '2025-06-24', 'Better Pay', 'Voluntary'),
(338, '2025-07-24', 'Family Reasons', 'Voluntary'),
(341, '2025-09-08', 'Family Reasons', 'Voluntary'),
(350, '2025-06-16', 'Work-Life Balance', 'Voluntary'),
(355, '2025-03-09', 'Career Change', 'Voluntary'),
(357, '2025-11-16', 'Attendance Issues', 'Involuntary'),
(363, '2025-03-31', 'Performance Issues', 'Involuntary'),
(366, '2025-12-07', 'Work-Life Balance', 'Voluntary'),
(384, '2025-12-02', 'Career Change', 'Voluntary'),
(385, '2025-03-14', 'Better Pay', 'Voluntary'),
(396, '2025-09-27', 'Family Reasons', 'Voluntary'),
(398, '2025-03-18', 'Attendance Issues', 'Involuntary'),
(403, '2025-05-18', 'Attendance Issues', 'Involuntary'),
(408, '2025-04-22', 'Family Reasons', 'Voluntary'),
(409, '2025-03-06', 'Work-Life Balance', 'Voluntary'),
(412, '2025-11-14', 'Performance Issues', 'Involuntary'),
(424, '2025-08-31', 'Better Pay', 'Voluntary'),
(432, '2025-05-10', 'Better Pay', 'Voluntary'),
(440, '2025-03-15', 'Burnout', 'Voluntary'),
(448, '2025-09-14', 'Manager Conflict', 'Voluntary'),
(450, '2025-11-17', 'Career Change', 'Voluntary'),
(451, '2025-04-15', 'Better Pay', 'Voluntary'),
(454, '2025-09-07', 'Better Pay', 'Voluntary'),
(456, '2025-01-31', 'Work-Life Balance', 'Voluntary'),
(458, '2025-03-12', 'Burnout', 'Voluntary'),
(460, '2025-11-25', 'Family Reasons', 'Voluntary'),
(463, '2025-01-24', 'Burnout', 'Voluntary'),
(467, '2025-07-03', 'Performance Issues', 'Involuntary'),
(476, '2025-11-28', 'Better Pay', 'Voluntary'),
(477, '2025-07-15', 'Better Pay', 'Voluntary'),
(481, '2025-07-28', 'Career Change', 'Voluntary'),
(482, '2025-11-01', 'Burnout', 'Voluntary'),
(492, '2025-09-19', 'Manager Conflict', 'Voluntary');

